{
"type": "FeatureCollection",
"name": "Admin_Boundary_HUC_2026",
"crs": { "type": "name", "properties": { "name": "urn:ogc:def:crs:OGC:1.3:CRS84" } },
"features": [
{"type":"Feature","properties":{"fid":1,"City_Name":"Angeles City","City_PSGC_Code":"0330100000","Province_Name":"Pampanga","Province_PSGC_Code":"0305400000","Region_Name":"Region III (Central Luzon)","Region_PSGC_Code":"0300000000","AREA_SQKM":121.028987477},"geometry":{"type":"Polygon","coordinates":[[[120.617097,15.173903],[120.630966,15.177475],[120.634396,15.179277],[120.634382,15.17994],[120.637159,15.180034],[120.639615,15.181621],[120.642657,15.178687],[120.64054,15.17642],[120.641349,15.175616],[120.639316,15.173795],[120.639537,15.173347],[120.633169,15.16965],[120.641095,15.163292],[120.638045,15.160049],[120.63618,15.154975],[120.636552,15.150397],[120.633576,15.142274],[120.63241,15.135963],[120.628675,15.129306],[120.621946,15.133017],[120.618326,15.135983],[120.614921,15.131464],[120.613576,15.13247],[120.604546,15.124639],[120.599575,15.122739],[120.598233,15.121399],[120.600583,15.119668],[120.594163,15.116526],[120.595359,15.11584],[120.594967,15.114748],[120.595412,15.111026],[120.59785,15.108766],[120.597235,15.10842],[120.592186,15.109915],[120.588218,15.1146],[120.584936,15.114808],[120.584811,15.115701],[120.583097,15.115826],[120.581498,15.116802],[120.580199,15.116148],[120.58145,15.118814],[120.579902,15.120505],[120.582864,15.122728],[120.579463,15.126418],[120.578507,15.125824],[120.573628,15.129544],[120.570918,15.130857],[120.570218,15.129759],[120.56314,15.132592],[120.563688,15.133714],[120.551921,15.137576],[120.54832,15.139481],[120.54605,15.139272],[120.544742,15.138113],[120.539311,15.13584],[120.537876,15.134111],[120.535632,15.135233],[120.534774,15.136534],[120.535462,15.140308],[120.528118,15.142985],[120.52252,15.144251],[120.520033,15.142792],[120.516344,15.144562],[120.514394,15.144657],[120.512823,15.142718],[120.512021,15.143047],[120.509589,15.142362],[120.506233,15.14249],[120.50398,15.143685],[120.499459,15.144011],[120.498089,15.144846],[120.491523,15.144841],[120.490727,15.144256],[120.48838,15.14549],[120.476874,15.14544],[120.474692,15.145238],[120.47292,15.144009],[120.46726,15.144221],[120.449508,15.151068],[120.449168,15.151853],[120.449776,15.175673],[120.473659,15.175912],[120.478119,15.176564],[120.47894,15.177078],[120.478729,15.179273],[120.479527,15.182162],[120.483987,15.182745],[120.489329,15.188433],[120.492443,15.187693],[120.493623,15.189268],[120.496077,15.187657],[120.498835,15.187921],[120.500671,15.190153],[120.502586,15.19048],[120.502745,15.192256],[120.50966,15.19832],[120.516826,15.201998],[120.523869,15.206986],[120.532119,15.209253],[120.532886,15.208627],[120.53598,15.208358],[120.537445,15.209439],[120.540993,15.210126],[120.541164,15.210778],[120.542724,15.211445],[120.544224,15.209777],[120.547778,15.210251],[120.548281,15.212575],[120.549348,15.212789],[120.550133,15.214713],[120.553132,15.216929],[120.554853,15.217355],[120.55643,15.215991],[120.557225,15.217037],[120.558999,15.215938],[120.563813,15.217086],[120.565751,15.221294],[120.567369,15.222287],[120.568587,15.221296],[120.569712,15.222266],[120.571034,15.222424],[120.572612,15.217867],[120.579458,15.193533],[120.580409,15.186411],[120.579543,15.186318],[120.579516,15.183022],[120.581122,15.181346],[120.582612,15.170372],[120.591472,15.172001],[120.59313,15.173831],[120.594554,15.17345],[120.596291,15.173911],[120.599248,15.175549],[120.60441,15.174738],[120.605767,15.173846],[120.607797,15.173927],[120.609015,15.17528],[120.610268,15.17458],[120.613046,15.174719],[120.617097,15.173903]]]}},
{"type":"Feature","properties":{"fid":2,"City_Name":"Olongapo City","City_PSGC_Code":"0331400000","Province_Name":"Zambales","Province_PSGC_Code":"0307100000","Region_Name":"Region III (Central Luzon)","Region_PSGC_Code":"0300000000","AREA_SQKM":141.09045321},"geometry":{"type":"MultiPolygon","coordinates":[[[[120.346181,14.860528],[120.344748,14.860858],[120.344382,14.859345],[120.341194,14.857304],[120.340984,14.855294],[120.339579,14.854293],[120.340628,14.854546],[120.340614,14.853851],[120.341185,14.853754],[120.340774,14.853187],[120.342142,14.853354],[120.343411,14.851667],[120.342632,14.850747],[120.339448,14.849532],[120.339811,14.847071],[120.337476,14.846659],[120.337681,14.844791],[120.336301,14.842825],[120.338537,14.84234],[120.338557,14.841349],[120.33915,14.841089],[120.338743,14.839771],[120.339251,14.836687],[120.341101,14.834556],[120.342734,14.83418],[120.341703,14.832349],[120.343576,14.831432],[120.344248,14.829857],[120.344235,14.828268],[120.343125,14.827158],[120.34457,14.826825],[120.345825,14.825632],[120.344633,14.824102],[120.346066,14.822158],[120.343566,14.820492],[120.34399,14.819763],[120.343465,14.818892],[120.344679,14.818431],[120.344838,14.816958],[120.341688,14.816866],[120.339641,14.817851],[120.338655,14.817682],[120.338301,14.816697],[120.339471,14.812756],[120.340841,14.813464],[120.341457,14.813172],[120.341657,14.810832],[120.341041,14.808893],[120.342288,14.805676],[120.341349,14.805091],[120.34417,14.804163],[120.346353,14.804289],[120.348733,14.806418],[120.352272,14.806892],[120.354978,14.801776],[120.354313,14.801048],[120.355367,14.800167],[120.354096,14.799054],[120.355403,14.798216],[120.354197,14.798014],[120.353771,14.797284],[120.356494,14.797277],[120.357216,14.795628],[120.358709,14.795228],[120.358252,14.794679],[120.358599,14.793966],[120.359745,14.794149],[120.362523,14.79101],[120.361998,14.789368],[120.361984,14.783815],[120.361228,14.782616],[120.361445,14.781441],[120.360679,14.780723],[120.360583,14.777603],[120.359349,14.776626],[120.3549,14.776319],[120.342517,14.772639],[120.338518,14.769633],[120.331304,14.767899],[120.325478,14.763738],[120.320438,14.75694],[120.316877,14.75516],[120.309502,14.753102],[120.305687,14.751137],[120.296924,14.749611],[120.292855,14.7516],[120.28874,14.75479],[120.287653,14.754536],[120.285133,14.755553],[120.282729,14.754998],[120.280556,14.75284],[120.281046,14.751209],[120.283112,14.7503],[120.283333,14.748877],[120.286109,14.748642],[120.286978,14.749153],[120.289075,14.748404],[120.290178,14.748893],[120.29095,14.748162],[120.28701,14.743809],[120.285645,14.74337],[120.285473,14.742079],[120.28138,14.740255],[120.279793,14.738907],[120.27818,14.738756],[120.278621,14.742282],[120.27772,14.744422],[120.275078,14.744135],[120.271927,14.745362],[120.268414,14.745212],[120.26465,14.743547],[120.262549,14.745218],[120.256682,14.746342],[120.254398,14.747975],[120.254766,14.749002],[120.253663,14.749585],[120.249219,14.748436],[120.246566,14.750066],[120.247676,14.752534],[120.249249,14.75418],[120.246135,14.758615],[120.243931,14.760315],[120.24279,14.760292],[120.24198,14.761567],[120.245584,14.764316],[120.250874,14.7656],[120.252307,14.764741],[120.255217,14.764521],[120.256639,14.764933],[120.256417,14.765751],[120.256661,14.764932],[120.258152,14.764471],[120.261265,14.766287],[120.26254,14.766408],[120.261326,14.767284],[120.260525,14.769069],[120.25628,14.769727],[120.256071,14.770642],[120.257382,14.771942],[120.258343,14.774223],[120.259915,14.773585],[120.259395,14.772394],[120.260277,14.771515],[120.261841,14.771546],[120.26283,14.770638],[120.264743,14.771408],[120.266268,14.770983],[120.267255,14.77162],[120.267925,14.773241],[120.26587,14.775539],[120.271015,14.775918],[120.272895,14.77477],[120.275382,14.774802],[120.278066,14.775883],[120.276993,14.777553],[120.279219,14.778238],[120.280725,14.779147],[120.280641,14.779947],[120.281314,14.779969],[120.280628,14.781577],[120.278427,14.783089],[120.274876,14.783754],[120.273826,14.783279],[120.271971,14.784419],[120.270899,14.783579],[120.269314,14.784848],[120.268161,14.784913],[120.266987,14.786374],[120.265259,14.785475],[120.265126,14.786261],[120.261906,14.788562],[120.260179,14.78891],[120.258349,14.788419],[120.257207,14.7919],[120.258561,14.792515],[120.258499,14.793039],[120.259217,14.792682],[120.265341,14.795274],[120.265245,14.797679],[120.260291,14.801626],[120.263009,14.805002],[120.267369,14.801987],[120.269895,14.798309],[120.27065,14.798708],[120.270604,14.798024],[120.274214,14.799416],[120.277486,14.799031],[120.284236,14.800693],[120.286505,14.794761],[120.287479,14.79614],[120.287608,14.796303],[120.287652,14.796274],[120.286542,14.794716],[120.287895,14.793398],[120.290919,14.795719],[120.291874,14.797717],[120.293371,14.798239],[120.29396,14.799857],[120.295282,14.800618],[120.294214,14.80236],[120.297525,14.802144],[120.294708,14.802937],[120.295996,14.805201],[120.295543,14.807583],[120.296202,14.807998],[120.296221,14.809119],[120.295937,14.809548],[120.294511,14.808772],[120.295817,14.809711],[120.295523,14.810569],[120.294147,14.810874],[120.295534,14.810672],[120.295722,14.81038],[120.296644,14.81089],[120.297979,14.816896],[120.296876,14.817864],[120.295641,14.81605],[120.294909,14.816497],[120.29613,14.818346],[120.295264,14.818889],[120.29331,14.816806],[120.294175,14.818302],[120.293894,14.819205],[120.291505,14.819876],[120.291539,14.823046],[120.290489,14.822993],[120.291509,14.823115],[120.291575,14.823634],[120.289282,14.823555],[120.289968,14.821685],[120.289676,14.821568],[120.289206,14.82352],[120.288658,14.823369],[120.289311,14.821763],[120.288986,14.821662],[120.288625,14.823351],[120.28801,14.823173],[120.288636,14.821735],[120.288233,14.821613],[120.287983,14.823158],[120.287109,14.822883],[120.287717,14.821677],[120.287247,14.821573],[120.287088,14.822834],[120.286405,14.822649],[120.28626,14.820878],[120.285556,14.820839],[120.290497,14.820208],[120.286395,14.819969],[120.286657,14.818795],[120.289552,14.818513],[120.289525,14.818072],[120.287644,14.818131],[120.286487,14.818636],[120.286386,14.815702],[120.289247,14.815501],[120.289069,14.812639],[120.287349,14.81278],[120.287051,14.813899],[120.286572,14.813471],[120.286168,14.813954],[120.286055,14.813508],[120.284411,14.81378],[120.280157,14.816116],[120.28246,14.815098],[120.282345,14.815826],[120.279838,14.8172],[120.279638,14.816787],[120.279795,14.81723],[120.273753,14.820847],[120.27232,14.821186],[120.271881,14.820307],[120.269399,14.821627],[120.269373,14.823063],[120.270627,14.825604],[120.270233,14.82613],[120.268102,14.823296],[120.267457,14.82326],[120.267304,14.82795],[120.26632,14.8311],[120.268933,14.836284],[120.26625,14.841021],[120.267287,14.843144],[120.266896,14.84736],[120.260997,14.85036],[120.256542,14.850256],[120.255637,14.847341],[120.249594,14.849227],[120.247314,14.8494],[120.245866,14.848826],[120.246114,14.850125],[120.24934,14.852128],[120.25145,14.851904],[120.252195,14.85026],[120.253924,14.850545],[120.25502,14.852995],[120.257479,14.85456],[120.258145,14.855813],[120.257537,14.859967],[120.260724,14.861466],[120.261827,14.862756],[120.264623,14.86322],[120.267894,14.865619],[120.270185,14.868648],[120.273147,14.875623],[120.278479,14.882358],[120.281227,14.89666],[120.31033,14.911776],[120.345494,14.910387],[120.349625,14.891449],[120.347014,14.874556],[120.347068,14.862016],[120.346181,14.860528]]],[[[120.234781,14.832556],[120.235002,14.832027],[120.234588,14.831571],[120.234012,14.832407],[120.234781,14.832556]]],[[[120.225772,14.767732],[120.224043,14.768416],[120.223165,14.774955],[120.223746,14.775515],[120.224605,14.775493],[120.22638,14.773608],[120.229681,14.774056],[120.230278,14.769838],[120.225772,14.767732]]],[[[120.22603,14.765509],[120.225047,14.762908],[120.224448,14.763678],[120.22603,14.765509]]]]}},
{"type":"Feature","properties":{"fid":3,"City_Name":"Lucena City (Capital)","City_PSGC_Code":"0431200000","Province_Name":"Quezon","Province_PSGC_Code":"0405600000","Region_Name":"Region IV-A (Calabarzon)","Region_PSGC_Code":"0400000000","AREA_SQKM":83.5917404176},"geometry":{"type":"Polygon","coordinates":[[[121.632517,13.984307],[121.639486,13.982227],[121.640495,13.981287],[121.639675,13.978756],[121.640837,13.978055],[121.63976,13.976859],[121.641367,13.974277],[121.640824,13.972875],[121.641655,13.972753],[121.641584,13.973442],[121.642211,13.973521],[121.643224,13.972886],[121.643369,13.971708],[121.644969,13.970634],[121.64623,13.971335],[121.647113,13.970478],[121.648175,13.971323],[121.649718,13.971352],[121.649901,13.968997],[121.651055,13.968893],[121.652925,13.967396],[121.652638,13.966368],[121.650163,13.964044],[121.64993,13.962519],[121.650974,13.96153],[121.650293,13.960213],[121.650483,13.958192],[121.648633,13.957495],[121.650449,13.95511],[121.652543,13.955405],[121.653011,13.953596],[121.652256,13.952957],[121.652611,13.951286],[121.651735,13.950516],[121.652008,13.950066],[121.668794,13.938532],[121.682285,13.930492],[121.684176,13.929398],[121.686352,13.929306],[121.686797,13.927885],[121.689656,13.927661],[121.690403,13.926615],[121.689943,13.925658],[121.692735,13.926164],[121.693242,13.923965],[121.692288,13.923106],[121.689208,13.923708],[121.688203,13.922606],[121.686999,13.923392],[121.686807,13.924469],[121.68553,13.92422],[121.684366,13.922545],[121.684039,13.9234],[121.682574,13.923551],[121.681866,13.922931],[121.681105,13.923809],[121.679958,13.923708],[121.678467,13.922424],[121.677866,13.922824],[121.677249,13.921709],[121.676469,13.921778],[121.676344,13.920666],[121.674994,13.920925],[121.675078,13.918085],[121.674456,13.916897],[121.671037,13.917896],[121.670588,13.917034],[121.668952,13.916504],[121.669295,13.91623],[121.668688,13.916125],[121.668841,13.91492],[121.667876,13.913996],[121.668151,13.913233],[121.667405,13.911926],[121.666174,13.912376],[121.665647,13.914862],[121.664419,13.915745],[121.66274,13.915079],[121.662561,13.915557],[121.661165,13.914199],[121.660294,13.915083],[121.659429,13.915048],[121.659081,13.914145],[121.655852,13.914622],[121.655517,13.915161],[121.655488,13.913821],[121.656892,13.913895],[121.656502,13.913186],[121.649442,13.910638],[121.645906,13.907795],[121.642109,13.907356],[121.63353,13.908483],[121.62969,13.908367],[121.626941,13.907495],[121.627532,13.905952],[121.626829,13.905487],[121.626027,13.905929],[121.625955,13.907978],[121.624094,13.907557],[121.620464,13.905562],[121.62089,13.905242],[121.621369,13.905811],[121.623504,13.904346],[121.622548,13.902927],[121.62328,13.902169],[121.621682,13.903215],[121.620981,13.902412],[121.619641,13.903523],[121.620753,13.904984],[121.619779,13.905534],[121.619297,13.905155],[121.620016,13.90458],[121.61805,13.903636],[121.616182,13.900311],[121.615624,13.895378],[121.617732,13.892469],[121.618448,13.890701],[121.618187,13.890315],[121.617705,13.891584],[121.616138,13.891523],[121.615045,13.892775],[121.613624,13.892776],[121.612296,13.894516],[121.60753,13.896463],[121.604345,13.898962],[121.602991,13.89853],[121.602535,13.899004],[121.601845,13.898654],[121.602365,13.897451],[121.603206,13.897152],[121.603251,13.895133],[121.593363,13.893096],[121.584403,13.890172],[121.58358,13.890663],[121.581978,13.890232],[121.578329,13.893715],[121.578957,13.894846],[121.573554,13.899746],[121.57456,13.903285],[121.574141,13.903809],[121.574769,13.904039],[121.576214,13.909379],[121.575167,13.910216],[121.575878,13.910285],[121.575829,13.91135],[121.572816,13.912729],[121.571915,13.914885],[121.571727,13.916159],[121.573429,13.918378],[121.572665,13.920795],[121.572218,13.921591],[121.567455,13.923161],[121.566147,13.924011],[121.566092,13.924741],[121.565057,13.924916],[121.565406,13.925428],[121.563041,13.929166],[121.562474,13.931575],[121.560959,13.932654],[121.559237,13.932861],[121.559291,13.933624],[121.56073,13.934322],[121.559095,13.934856],[121.559509,13.936131],[121.557416,13.937941],[121.557318,13.938802],[121.556043,13.939379],[121.556239,13.940556],[121.555498,13.94169],[121.55637,13.942791],[121.554696,13.946192],[121.567291,13.951044],[121.570102,13.953285],[121.57177,13.955998],[121.573992,13.957035],[121.575609,13.958734],[121.575069,13.959707],[121.576166,13.961015],[121.577995,13.960274],[121.581505,13.963928],[121.583503,13.964495],[121.584604,13.966081],[121.585797,13.964678],[121.586499,13.965267],[121.584927,13.966895],[121.585573,13.968046],[121.584923,13.969526],[121.587172,13.968046],[121.589162,13.967902],[121.589923,13.966811],[121.592323,13.965927],[121.593291,13.964748],[121.59493,13.968502],[121.59488,13.96975],[121.596063,13.97112],[121.596486,13.973658],[121.598207,13.974318],[121.599898,13.976629],[121.600953,13.977021],[121.602504,13.975871],[121.604425,13.973269],[121.60444,13.971254],[121.605488,13.968921],[121.606757,13.968683],[121.6059,13.973301],[121.608916,13.972222],[121.60982,13.97246],[121.608566,13.975618],[121.609392,13.97941],[121.612282,13.980201],[121.612777,13.980738],[121.612272,13.982101],[121.614358,13.982766],[121.614931,13.984639],[121.615789,13.985018],[121.615724,13.986227],[121.613611,13.987898],[121.614118,13.988433],[121.615494,13.988239],[121.615106,13.990113],[121.620735,13.987336],[121.621924,13.985627],[121.624059,13.98569],[121.626497,13.984284],[121.630623,13.980537],[121.631594,13.983883],[121.632517,13.984307]]]}},
{"type":"Feature","properties":{"fid":4,"City_Name":"Iloilo City (Capital)","City_PSGC_Code":"0631000000","Province_Name":"Iloilo","Province_PSGC_Code":"0603000000","Region_Name":"Region VI (Western Visayas)","Region_PSGC_Code":"0600000000","AREA_SQKM":72.6841248181},"geometry":{"type":"Polygon","coordinates":[[[122.59547,10.7602],[122.59226,10.755551],[122.591785,10.753517],[122.59228,10.753059],[122.591325,10.752609],[122.588249,10.745275],[122.588748,10.743589],[122.585954,10.744757],[122.585611,10.744307],[122.588419,10.742992],[122.587835,10.74302],[122.588536,10.739813],[122.588149,10.738734],[122.589482,10.736773],[122.591861,10.739052],[122.593387,10.739475],[122.597374,10.738416],[122.599032,10.736903],[122.598096,10.736468],[122.598242,10.73592],[122.599238,10.735824],[122.599678,10.734561],[122.598417,10.72997],[122.599764,10.729883],[122.600239,10.727566],[122.599624,10.725801],[122.598424,10.726393],[122.598503,10.724963],[122.598042,10.724757],[122.598871,10.721868],[122.600618,10.721015],[122.600332,10.720387],[122.598792,10.721826],[122.59771,10.720816],[122.596241,10.720673],[122.59586,10.718288],[122.595067,10.718376],[122.594421,10.717386],[122.592766,10.716921],[122.595241,10.715192],[122.593317,10.71001],[122.591648,10.711294],[122.592389,10.713265],[122.591833,10.713529],[122.592021,10.712852],[122.590539,10.709865],[122.594715,10.707821],[122.595515,10.708893],[122.593636,10.704512],[122.592534,10.704985],[122.591927,10.703599],[122.591136,10.704234],[122.58919,10.704133],[122.589234,10.703049],[122.590919,10.702065],[122.589484,10.70263],[122.58795,10.701858],[122.588829,10.702171],[122.590492,10.700805],[122.589555,10.699084],[122.59021,10.698693],[122.59105,10.699241],[122.590299,10.698241],[122.589179,10.698957],[122.580852,10.687365],[122.580008,10.687607],[122.580013,10.686939],[122.579512,10.688022],[122.577639,10.688894],[122.576599,10.688404],[122.57608,10.689398],[122.574466,10.689982],[122.572871,10.690093],[122.572117,10.689287],[122.57152,10.690262],[122.567998,10.691082],[122.566434,10.691035],[122.566007,10.690255],[122.565449,10.690819],[122.561082,10.691362],[122.559819,10.688511],[122.55521,10.688232],[122.554313,10.688928],[122.553411,10.687231],[122.548576,10.68635],[122.538082,10.680895],[122.53122,10.679232],[122.514915,10.67982],[122.505046,10.679514],[122.499781,10.679968],[122.494783,10.681747],[122.498341,10.690985],[122.498721,10.694781],[122.503811,10.693291],[122.506861,10.694351],[122.509299,10.691616],[122.512456,10.691341],[122.510902,10.694694],[122.513709,10.695936],[122.511478,10.696563],[122.510878,10.697983],[122.514832,10.697603],[122.513591,10.69849],[122.513286,10.699953],[122.515235,10.699062],[122.516144,10.699877],[122.514579,10.700721],[122.514272,10.703347],[122.51588,10.704685],[122.516969,10.704543],[122.516657,10.705948],[122.518011,10.70557],[122.518706,10.707444],[122.51973,10.70785],[122.519958,10.708687],[122.522956,10.710253],[122.52349,10.712863],[122.524161,10.713187],[122.523997,10.71434],[122.520946,10.717982],[122.521007,10.721327],[122.519417,10.72324],[122.518307,10.723116],[122.518571,10.724013],[122.517676,10.724788],[122.517796,10.726559],[122.516917,10.72695],[122.516671,10.73009],[122.515709,10.732107],[122.515937,10.732839],[122.51535,10.733192],[122.51586,10.733401],[122.515903,10.735942],[122.514732,10.736287],[122.51368,10.738273],[122.51287,10.738418],[122.513239,10.739229],[122.520349,10.743838],[122.522768,10.742077],[122.53143,10.738381],[122.532336,10.749221],[122.540756,10.750646],[122.542534,10.754767],[122.539804,10.757158],[122.541631,10.759936],[122.544074,10.75974],[122.546192,10.757773],[122.546909,10.757773],[122.550467,10.761269],[122.551256,10.763814],[122.558935,10.760432],[122.566148,10.783204],[122.575959,10.77801],[122.579727,10.774694],[122.584669,10.774217],[122.586804,10.773048],[122.589706,10.769166],[122.589593,10.767113],[122.591647,10.764407],[122.590891,10.76405],[122.59547,10.7602]]]}},
{"type":"Feature","properties":{"fid":5,"City_Name":"Cebu City (Capital)","City_PSGC_Code":"0730600000","Province_Name":"Cebu","Province_PSGC_Code":"0702200000","Region_Name":"Region VII (Central Visayas)","Region_PSGC_Code":"0700000000","AREA_SQKM":290.904983965},"geometry":{"type":"MultiPolygon","coordinates":[[[[123.887977,10.493495],[123.895332,10.490853],[123.901599,10.487375],[123.913722,10.485117],[123.918559,10.479031],[123.91968,10.476281],[123.919986,10.473296],[123.922732,10.472697],[123.924362,10.4736],[123.925096,10.472554],[123.924663,10.466891],[123.925021,10.45321],[123.923039,10.434836],[123.92432,10.428897],[123.923923,10.419653],[123.923416,10.410396],[123.921719,10.405157],[123.924158,10.400813],[123.923494,10.39824],[123.924131,10.386647],[123.923184,10.383342],[123.923885,10.383085],[123.924622,10.380851],[123.924205,10.378069],[123.925386,10.37736],[123.925543,10.375243],[123.926879,10.373838],[123.926798,10.370803],[123.923743,10.36768],[123.924325,10.366512],[123.925319,10.366355],[123.924982,10.363582],[123.925771,10.361938],[123.922214,10.360969],[123.919067,10.358135],[123.915475,10.350276],[123.912935,10.339721],[123.916871,10.338122],[123.917155,10.335872],[123.918745,10.334935],[123.919512,10.333023],[123.920137,10.334068],[123.922131,10.333314],[123.919597,10.327894],[123.921247,10.3267],[123.92038,10.324733],[123.920875,10.324327],[123.92038,10.323054],[123.920827,10.320893],[123.919664,10.320838],[123.918886,10.319745],[123.920943,10.316371],[123.918662,10.314804],[123.920344,10.314305],[123.922279,10.314923],[123.92584,10.310381],[123.911681,10.299608],[123.91055,10.297676],[123.911667,10.29676],[123.9104,10.297406],[123.909285,10.295338],[123.910396,10.294436],[123.909195,10.295037],[123.908052,10.293087],[123.909124,10.292099],[123.908117,10.292632],[123.907044,10.291222],[123.903648,10.291328],[123.900448,10.289724],[123.899009,10.290244],[123.897012,10.288648],[123.896419,10.288605],[123.896416,10.289346],[123.894258,10.289525],[123.893273,10.288888],[123.890571,10.289854],[123.890596,10.287557],[123.889818,10.288182],[123.890564,10.285324],[123.890363,10.285008],[123.88969,10.288167],[123.888187,10.288157],[123.888207,10.289263],[123.886853,10.289246],[123.886787,10.290167],[123.88546,10.289363],[123.885047,10.288906],[123.887292,10.287564],[123.887559,10.285862],[123.88169,10.279111],[123.879727,10.27379],[123.882031,10.272679],[123.882412,10.271433],[123.881429,10.270413],[123.881632,10.269376],[123.873415,10.259836],[123.875168,10.258251],[123.870905,10.261644],[123.868513,10.26193],[123.868138,10.262626],[123.860018,10.261173],[123.858527,10.258823],[123.857032,10.260417],[123.855982,10.263121],[123.851876,10.263011],[123.851204,10.263468],[123.851717,10.268267],[123.847844,10.270147],[123.847074,10.272411],[123.847675,10.272661],[123.847682,10.273795],[123.844476,10.278392],[123.842107,10.280617],[123.838513,10.280974],[123.837744,10.282242],[123.836375,10.281899],[123.835193,10.284274],[123.830296,10.284598],[123.828577,10.292981],[123.826076,10.296548],[123.820193,10.313845],[123.821061,10.320055],[123.820273,10.322115],[123.820317,10.324517],[123.816472,10.328072],[123.815924,10.329363],[123.815067,10.329349],[123.814063,10.327511],[123.812463,10.328901],[123.811029,10.329214],[123.809272,10.327288],[123.808252,10.328376],[123.809396,10.330548],[123.806477,10.332222],[123.808218,10.33392],[123.808097,10.335469],[123.807126,10.335211],[123.806973,10.333367],[123.805032,10.334623],[123.803718,10.3345],[123.803984,10.333257],[123.803076,10.332552],[123.801894,10.333911],[123.802349,10.336644],[123.79983,10.33662],[123.798107,10.335503],[123.793381,10.33798],[123.791526,10.338239],[123.791784,10.33516],[123.791258,10.332465],[123.789012,10.329774],[123.775856,10.327593],[123.776114,10.348857],[123.77045,10.361988],[123.769707,10.386251],[123.785054,10.407699],[123.793938,10.41044],[123.801143,10.421029],[123.804184,10.430266],[123.80473,10.430903],[123.804934,10.429863],[123.805361,10.430014],[123.805446,10.431658],[123.807254,10.43347],[123.807254,10.435181],[123.808567,10.435935],[123.808755,10.436808],[123.81349,10.439355],[123.814758,10.439173],[123.817208,10.441139],[123.818293,10.441003],[123.818954,10.439777],[123.819346,10.440749],[123.821325,10.441739],[123.822246,10.442947],[123.824309,10.443081],[123.825623,10.443919],[123.826288,10.445798],[123.828437,10.446871],[123.829375,10.448498],[123.83236,10.44922],[123.837319,10.455081],[123.838098,10.45538],[123.838687,10.454755],[123.867081,10.488325],[123.887977,10.493495]]],[[[123.906128,10.276489],[123.905273,10.276306],[123.904297,10.277527],[123.904297,10.279907],[123.905518,10.280884],[123.906677,10.279724],[123.906128,10.276489]]],[[[123.904297,10.271484],[123.90332,10.272095],[123.903687,10.274719],[123.90448,10.274475],[123.904297,10.271484]]]]}},
{"type":"Feature","properties":{"fid":6,"City_Name":"Lapu-Lapu City (Opon)","City_PSGC_Code":"0731100000","Province_Name":"Cebu","Province_PSGC_Code":"0702200000","Region_Name":"Region VII (Central Visayas)","Region_PSGC_Code":"0700000000","AREA_SQKM":67.3340899534},"geometry":{"type":"MultiPolygon","coordinates":[[[[123.969327,10.260317],[123.969661,10.261831],[123.968981,10.264311],[123.966832,10.266362],[123.959429,10.270937],[123.956775,10.274211],[123.954611,10.279988],[123.95186,10.279133],[123.949497,10.275308],[123.944944,10.272283],[123.943825,10.27038],[123.941893,10.268789],[123.941627,10.267076],[123.94016,10.266582],[123.939337,10.265453],[123.937253,10.265609],[123.937416,10.267958],[123.937034,10.267278],[123.934765,10.269373],[123.933821,10.268783],[123.934331,10.266097],[123.931619,10.264909],[123.931363,10.263986],[123.926864,10.264108],[123.926452,10.26544],[123.92504,10.265696],[123.925603,10.266373],[123.925171,10.266886],[123.925852,10.267057],[123.926382,10.268344],[123.923686,10.269628],[123.924129,10.268973],[123.92391,10.268829],[123.92261,10.269892],[123.923392,10.270988],[123.922598,10.271382],[123.923172,10.273569],[123.925053,10.276347],[123.924142,10.280078],[123.925295,10.279907],[123.924831,10.280946],[123.925887,10.281965],[123.925924,10.283216],[123.92658,10.283163],[123.925666,10.284406],[123.925943,10.285053],[123.926637,10.285199],[123.927098,10.284375],[123.928286,10.285811],[123.929219,10.284422],[123.929293,10.285414],[123.929812,10.285384],[123.93026,10.284184],[123.930245,10.285234],[123.929384,10.285917],[123.929857,10.287034],[123.930582,10.287018],[123.930512,10.287459],[123.931295,10.287116],[123.931306,10.286657],[123.93148,10.286812],[123.931496,10.286326],[123.931811,10.28621],[123.932355,10.286788],[123.931398,10.288075],[123.932829,10.288854],[123.931964,10.288666],[123.931878,10.288836],[123.932785,10.289209],[123.932365,10.289756],[123.933084,10.29068],[123.934598,10.291624],[123.933617,10.291638],[123.933705,10.292594],[123.930684,10.293667],[123.923106,10.294709],[123.922962,10.29517],[123.930294,10.293908],[123.934133,10.29256],[123.934167,10.294611],[123.935157,10.29721],[123.934541,10.297091],[123.934454,10.297661],[123.936222,10.298381],[123.934805,10.299116],[123.93506,10.30005],[123.93549,10.299919],[123.935629,10.303513],[123.936335,10.304172],[123.935756,10.304776],[123.935247,10.304482],[123.935714,10.30492],[123.936247,10.304699],[123.937259,10.303353],[123.939134,10.302841],[123.939726,10.303997],[123.939082,10.304163],[123.939902,10.304505],[123.940053,10.305562],[123.939447,10.305881],[123.938415,10.304257],[123.937225,10.304731],[123.937527,10.306569],[123.938886,10.306255],[123.939795,10.308049],[123.940565,10.308501],[123.941226,10.308001],[123.942579,10.309507],[123.943686,10.309633],[123.942985,10.309909],[123.944229,10.309996],[123.943111,10.310099],[123.944655,10.310196],[123.943436,10.310353],[123.944814,10.310981],[123.943131,10.311061],[123.94544,10.311531],[123.946143,10.312631],[123.947839,10.312961],[123.947822,10.313625],[123.949551,10.314681],[123.950316,10.314246],[123.950481,10.314902],[123.951711,10.315115],[123.954754,10.317794],[123.955118,10.317244],[123.95671,10.318038],[123.957524,10.317537],[123.960544,10.318099],[123.960606,10.318967],[123.961511,10.318937],[123.961722,10.319805],[123.963308,10.320335],[123.96346,10.321099],[123.964225,10.321058],[123.964776,10.321916],[123.96564,10.321553],[123.965196,10.322053],[123.967535,10.323847],[123.967628,10.325157],[123.970284,10.325929],[123.970718,10.325473],[123.970756,10.325958],[123.972859,10.326428],[123.975178,10.328032],[123.975582,10.327639],[123.975364,10.328453],[123.975885,10.327975],[123.976149,10.328353],[123.975896,10.328538],[123.975592,10.329076],[123.975578,10.329158],[123.975983,10.328484],[123.976898,10.328959],[123.976391,10.328739],[123.976873,10.329019],[123.976507,10.329683],[123.975752,10.329228],[123.976476,10.329738],[123.976171,10.330115],[123.976686,10.330394],[123.977016,10.329026],[123.980541,10.332056],[123.981528,10.331806],[123.984989,10.333786],[123.987838,10.334199],[123.990149,10.333302],[123.991084,10.330433],[123.991201,10.325951],[123.993329,10.322162],[123.995723,10.319404],[123.996524,10.319114],[123.996362,10.320234],[123.997436,10.319712],[123.997915,10.318237],[124.001586,10.315773],[124.003826,10.316484],[124.002851,10.31505],[124.003365,10.315276],[124.003658,10.314496],[124.004659,10.316184],[124.00502,10.314756],[124.004764,10.313976],[124.004163,10.314044],[124.008618,10.311977],[124.008397,10.31349],[124.009084,10.314372],[124.00971,10.313885],[124.009133,10.314836],[124.009589,10.315261],[124.011217,10.31456],[124.010364,10.314443],[124.009897,10.313929],[124.010126,10.313498],[124.011573,10.314075],[124.012827,10.313664],[124.012822,10.312929],[124.013502,10.313335],[124.014492,10.312587],[124.015518,10.313427],[124.016862,10.313066],[124.019557,10.314759],[124.019071,10.314145],[124.019684,10.313957],[124.020529,10.315211],[124.018564,10.314831],[124.020022,10.315415],[124.018965,10.316165],[124.019601,10.316511],[124.019396,10.317505],[124.018411,10.317512],[124.020542,10.318307],[124.020159,10.317381],[124.020722,10.315358],[124.022481,10.315901],[124.025476,10.317955],[124.028292,10.321325],[124.032081,10.323805],[124.035088,10.328252],[124.040477,10.331517],[124.042329,10.333845],[124.043969,10.334272],[124.045367,10.333841],[124.045636,10.332884],[124.043399,10.329084],[124.043692,10.328766],[124.040152,10.325244],[124.035316,10.318219],[124.033259,10.316455],[124.029552,10.31573],[124.028175,10.314829],[124.028462,10.31396],[124.02787,10.314769],[124.02789,10.313986],[124.027117,10.314013],[124.026881,10.313199],[124.026309,10.313794],[124.025391,10.313048],[124.024029,10.310825],[124.025439,10.31002],[124.024903,10.309456],[124.024681,10.310011],[124.023804,10.309922],[124.022793,10.307256],[124.021479,10.306687],[124.021644,10.305737],[124.020234,10.304419],[124.020044,10.303124],[124.019086,10.302914],[124.019312,10.302149],[124.018378,10.30251],[124.016967,10.300531],[124.014989,10.29512],[124.014435,10.295225],[124.011794,10.292374],[124.012083,10.292014],[124.01143,10.292119],[124.010774,10.29065],[124.007541,10.288413],[124.006722,10.287489],[124.007389,10.286964],[124.006395,10.287574],[124.004371,10.286739],[124.004309,10.286184],[124.003177,10.286301],[124.003256,10.285486],[124.002973,10.286337],[124.001781,10.286006],[124.001848,10.285324],[124.000634,10.28614],[123.998721,10.285395],[123.998045,10.284428],[123.998554,10.283973],[123.997859,10.28438],[123.997578,10.283806],[123.998251,10.283325],[123.997453,10.283509],[123.998826,10.283023],[123.99745,10.283122],[123.999159,10.282484],[123.998719,10.281749],[123.999245,10.281154],[123.997928,10.281073],[123.998032,10.280259],[123.995708,10.279322],[123.995389,10.278256],[123.994137,10.278987],[123.993255,10.277812],[123.995292,10.278107],[123.993325,10.27769],[123.991636,10.278524],[123.992305,10.280105],[123.989506,10.27806],[123.988797,10.276942],[123.988816,10.272521],[123.989914,10.271677],[123.990671,10.2734],[123.990469,10.274721],[123.992026,10.274813],[123.992359,10.27619],[123.992999,10.276215],[123.992534,10.271492],[123.991726,10.270178],[123.990581,10.269886],[123.989611,10.266771],[123.98851,10.266222],[123.988653,10.265477],[123.987397,10.264193],[123.986828,10.264216],[123.98723,10.263509],[123.986621,10.263903],[123.986859,10.26294],[123.985211,10.260749],[123.984673,10.260788],[123.984818,10.260287],[123.984449,10.260506],[123.983656,10.258594],[123.981933,10.258296],[123.981745,10.257514],[123.98048,10.257685],[123.979184,10.256119],[123.975672,10.25391],[123.974782,10.254238],[123.975101,10.256304],[123.97308,10.254605],[123.972216,10.254715],[123.971928,10.25387],[123.972033,10.254735],[123.969341,10.254719],[123.968609,10.25569],[123.970188,10.259591],[123.969327,10.260317]]],[[[124.069717,10.288827],[124.073767,10.287517],[124.074352,10.285279],[124.073807,10.281027],[124.07248,10.279213],[124.072241,10.275855],[124.071008,10.274859],[124.070788,10.272367],[124.069367,10.27199],[124.069592,10.27007],[124.068824,10.269507],[124.067883,10.266791],[124.066908,10.266252],[124.066521,10.265131],[124.063134,10.263983],[124.062488,10.260458],[124.060324,10.258509],[124.061064,10.258205],[124.062758,10.259284],[124.064223,10.261308],[124.064897,10.26125],[124.063009,10.256956],[124.062447,10.253682],[124.060722,10.251633],[124.061236,10.250936],[124.060688,10.250389],[124.061002,10.249202],[124.060019,10.248388],[124.058744,10.245141],[124.057134,10.245859],[124.057086,10.245135],[124.058612,10.244673],[124.058296,10.243502],[124.057757,10.243511],[124.058233,10.242853],[124.056746,10.243267],[124.056436,10.241817],[124.057111,10.24182],[124.057152,10.240954],[124.054598,10.237326],[124.053857,10.237309],[124.05354,10.236474],[124.051387,10.236798],[124.050629,10.237912],[124.049816,10.242645],[124.049023,10.242667],[124.047902,10.244643],[124.048678,10.247281],[124.047833,10.248387],[124.048075,10.249383],[124.048104,10.248248],[124.048434,10.248683],[124.049568,10.247259],[124.049722,10.245468],[124.050135,10.246351],[124.049957,10.245433],[124.050785,10.24574],[124.051254,10.249904],[124.050304,10.249787],[124.049974,10.251775],[124.050372,10.25308],[124.051481,10.252101],[124.051804,10.252813],[124.051491,10.254932],[124.04946,10.25617],[124.049245,10.255579],[124.04462,10.256582],[124.040732,10.255318],[124.044533,10.253485],[124.046486,10.249569],[124.046935,10.244247],[124.043671,10.240767],[124.043612,10.241912],[124.042604,10.241665],[124.042196,10.242577],[124.042195,10.241148],[124.041651,10.24093],[124.040913,10.243215],[124.039406,10.243687],[124.038769,10.243183],[124.038248,10.243871],[124.037486,10.242078],[124.036438,10.241703],[124.033914,10.243899],[124.033089,10.241949],[124.031811,10.241745],[124.031233,10.242315],[124.03166,10.244103],[124.030724,10.243137],[124.029725,10.243186],[124.029621,10.243919],[124.027774,10.242288],[124.027088,10.243819],[124.027755,10.246777],[124.028729,10.248005],[124.03108,10.249107],[124.030119,10.24932],[124.030772,10.250519],[124.032187,10.251332],[124.032488,10.253021],[124.029027,10.249366],[124.024813,10.24676],[124.024706,10.245854],[124.025955,10.24708],[124.026071,10.244814],[124.025068,10.242813],[124.025678,10.245189],[124.02466,10.2444],[124.024636,10.243785],[124.025084,10.243982],[124.024688,10.242131],[124.02389,10.245002],[124.021766,10.243768],[124.020999,10.242062],[124.019635,10.241528],[124.019987,10.243036],[124.020555,10.24297],[124.021002,10.243914],[124.020931,10.245024],[124.021216,10.244645],[124.021996,10.245395],[124.021291,10.245558],[124.021646,10.246886],[124.022112,10.247183],[124.022226,10.246547],[124.023244,10.247162],[124.024043,10.249759],[124.025239,10.250113],[124.025076,10.251415],[124.026341,10.252701],[124.026578,10.252101],[124.02903,10.254863],[124.030348,10.257649],[124.029837,10.258941],[124.030797,10.259709],[124.031296,10.258698],[124.034765,10.258228],[124.036482,10.258339],[124.037155,10.2593],[124.039374,10.258898],[124.035919,10.259633],[124.035882,10.260582],[124.036886,10.261195],[124.037095,10.260539],[124.038532,10.262137],[124.038662,10.26314],[124.039245,10.263049],[124.039908,10.264012],[124.041301,10.262965],[124.040048,10.260126],[124.040463,10.259864],[124.041085,10.260972],[124.04064,10.261388],[124.041833,10.262107],[124.041845,10.262794],[124.047841,10.267128],[124.042118,10.273119],[124.040868,10.274539],[124.04087,10.274704],[124.048276,10.267149],[124.049478,10.268979],[124.048298,10.269513],[124.049424,10.270265],[124.047411,10.269647],[124.046014,10.27031],[124.046521,10.270941],[124.048064,10.270931],[124.047296,10.27182],[124.047235,10.273222],[124.048369,10.273429],[124.049498,10.275283],[124.05062,10.27502],[124.051527,10.274304],[124.049909,10.270761],[124.050322,10.269966],[124.049831,10.268879],[124.050993,10.26853],[124.052492,10.269517],[124.053949,10.269617],[124.053901,10.268387],[124.055174,10.268559],[124.056202,10.269813],[124.055544,10.273098],[124.053257,10.274757],[124.052854,10.274457],[124.052859,10.275273],[124.050742,10.275607],[124.049021,10.276758],[124.047151,10.276326],[124.046745,10.276803],[124.049491,10.278167],[124.050894,10.276822],[124.052066,10.277134],[124.052691,10.278684],[124.05087,10.279055],[124.050698,10.279688],[124.051448,10.280583],[124.053818,10.281198],[124.053553,10.28203],[124.054505,10.282616],[124.055946,10.281754],[124.055949,10.283237],[124.056799,10.283235],[124.056535,10.284508],[124.05904,10.284934],[124.061472,10.283648],[124.059836,10.285137],[124.061785,10.286276],[124.061528,10.287113],[124.06042,10.286446],[124.061374,10.287375],[124.065394,10.287546],[124.069717,10.288827]]],[[[124.1745,10.286926],[124.178528,10.287109],[124.178711,10.286072],[124.176444,10.284853],[124.173771,10.284719],[124.172226,10.285319],[124.1745,10.286926]]],[[[124.168159,10.277985],[124.166687,10.279724],[124.167114,10.28009],[124.169312,10.279907],[124.170471,10.278931],[124.170982,10.27688],[124.168463,10.276865],[124.16764,10.277407],[124.16733,10.2783],[124.168159,10.277985]]],[[[123.915283,10.277283],[123.914917,10.277893],[123.915527,10.279724],[123.916321,10.279724],[123.917297,10.278076],[123.91687,10.277283],[123.915283,10.277283]]],[[[124.026437,10.245922],[124.026501,10.247069],[124.027915,10.248087],[124.027119,10.247178],[124.026437,10.245922]]],[[[124.027005,10.243667],[124.026746,10.244186],[124.026998,10.244371],[124.027005,10.243667]]],[[[124.026779,10.243787],[124.026432,10.243644],[124.026571,10.243952],[124.026779,10.243787]]],[[[124.044508,10.238487],[124.044669,10.239835],[124.048018,10.243748],[124.05,10.240327],[124.050246,10.237525],[124.049519,10.236431],[124.052988,10.234484],[124.051376,10.233866],[124.051333,10.232926],[124.048693,10.231423],[124.048557,10.230397],[124.047865,10.230782],[124.046265,10.229939],[124.047639,10.231635],[124.047249,10.233395],[124.045249,10.23437],[124.043969,10.23358],[124.043575,10.234113],[124.04167,10.233777],[124.044508,10.238487]]],[[[124.027042,10.241483],[124.02651,10.241281],[124.026344,10.241577],[124.026945,10.242784],[124.027042,10.241483]]],[[[124.025901,10.234959],[124.025159,10.235453],[124.025249,10.236862],[124.02451,10.237757],[124.025285,10.238613],[124.025611,10.237905],[124.027087,10.237992],[124.027293,10.236873],[124.028328,10.23697],[124.027679,10.236214],[124.027864,10.235286],[124.026311,10.235553],[124.025901,10.234959]]],[[[124.011806,10.237566],[124.010634,10.236319],[124.011022,10.238319],[124.011806,10.237566]]],[[[124.050441,10.236843],[124.050027,10.236882],[124.050243,10.237174],[124.050441,10.236843]]],[[[124.032616,10.233793],[124.031221,10.234616],[124.028511,10.234671],[124.029956,10.236],[124.029431,10.236996],[124.033501,10.236416],[124.033963,10.23568],[124.034659,10.236078],[124.034204,10.234331],[124.033235,10.234061],[124.033077,10.234728],[124.032616,10.233793]]],[[[124.039618,10.229141],[124.036263,10.230901],[124.039599,10.233801],[124.040551,10.232333],[124.039618,10.229141]]],[[[124.042637,10.225023],[124.043621,10.227893],[124.045586,10.227433],[124.046584,10.225967],[124.046247,10.225073],[124.044106,10.224622],[124.042637,10.225023]]],[[[124.03168,10.213836],[124.034976,10.216838],[124.035879,10.218894],[124.035875,10.221073],[124.036832,10.222185],[124.036682,10.223466],[124.037578,10.224018],[124.038601,10.226426],[124.039002,10.224637],[124.038576,10.225309],[124.038349,10.224718],[124.040171,10.222664],[124.040875,10.22062],[124.041308,10.220216],[124.042401,10.220164],[124.042826,10.217054],[124.037399,10.216788],[124.03168,10.213836]]],[[[124.042863,10.224627],[124.044753,10.222565],[124.044488,10.220084],[124.043624,10.220299],[124.042573,10.221162],[124.041627,10.221418],[124.041725,10.222249],[124.04059,10.223286],[124.041017,10.22435],[124.041605,10.223657],[124.042692,10.223796],[124.042863,10.224627]]],[[[124.04338,10.220272],[124.04192,10.220608],[124.041099,10.220601],[124.042315,10.221129],[124.04338,10.220272]]],[[[124.019078,10.20186],[124.017706,10.202537],[124.017527,10.203857],[124.02084,10.203218],[124.021328,10.20248],[124.019078,10.20186]]]]}},
{"type":"Feature","properties":{"fid":7,"City_Name":"Mandaue City","City_PSGC_Code":"0731300000","Province_Name":"Cebu","Province_PSGC_Code":"0702200000","Region_Name":"Region VII (Central Visayas)","Region_PSGC_Code":"0700000000","AREA_SQKM":31.1258115931},"geometry":{"type":"Polygon","coordinates":[[[123.960783,10.357972],[123.962512,10.357975],[123.962792,10.356907],[123.961511,10.356557],[123.96091,10.357082],[123.961514,10.355764],[123.962556,10.355861],[123.96226,10.355358],[123.96383,10.354218],[123.964604,10.352097],[123.965876,10.351528],[123.966394,10.351879],[123.968427,10.349038],[123.965946,10.347103],[123.967307,10.345248],[123.967318,10.34625],[123.967566,10.345613],[123.969088,10.346044],[123.968825,10.345474],[123.969392,10.345198],[123.969312,10.345776],[123.973229,10.346634],[123.97394,10.345247],[123.973905,10.342998],[123.975796,10.342975],[123.975825,10.34001],[123.974405,10.33847],[123.971191,10.337151],[123.968993,10.33355],[123.969961,10.331386],[123.967834,10.329833],[123.966415,10.332035],[123.966642,10.331472],[123.964552,10.329719],[123.965617,10.327999],[123.964241,10.3272],[123.96333,10.327709],[123.964115,10.326949],[123.963268,10.327631],[123.962302,10.327232],[123.963,10.325793],[123.96173,10.326759],[123.962891,10.325553],[123.960428,10.323698],[123.960783,10.323323],[123.960741,10.323285],[123.958535,10.324495],[123.957455,10.322737],[123.956507,10.323491],[123.957405,10.322265],[123.957553,10.321493],[123.957039,10.3219],[123.95706,10.321323],[123.955097,10.322548],[123.955413,10.321457],[123.954809,10.321258],[123.954001,10.322484],[123.95381,10.321379],[123.952931,10.321674],[123.953529,10.320788],[123.949586,10.320047],[123.949604,10.319077],[123.945585,10.319102],[123.940866,10.321942],[123.928957,10.312252],[123.9294,10.311734],[123.929358,10.311696],[123.92894,10.312242],[123.928407,10.311814],[123.928671,10.311091],[123.925486,10.311266],[123.922279,10.314923],[123.920344,10.314305],[123.918751,10.314646],[123.920943,10.316371],[123.918886,10.319745],[123.919664,10.320838],[123.920827,10.320893],[123.92038,10.323054],[123.920875,10.324327],[123.92038,10.324733],[123.921247,10.3267],[123.919597,10.327894],[123.922131,10.333314],[123.920137,10.334068],[123.919512,10.333023],[123.918745,10.334935],[123.917155,10.335872],[123.916871,10.338122],[123.912935,10.339721],[123.915475,10.350276],[123.919067,10.358135],[123.922214,10.360969],[123.925771,10.361938],[123.924982,10.363582],[123.925319,10.366355],[123.924325,10.366512],[123.923743,10.36768],[123.926798,10.370803],[123.926879,10.373838],[123.925543,10.375243],[123.925386,10.37736],[123.924205,10.378069],[123.924622,10.380851],[123.923885,10.383085],[123.923184,10.383342],[123.924131,10.386647],[123.924146,10.389813],[123.927473,10.387794],[123.927637,10.384171],[123.929744,10.383393],[123.93194,10.381337],[123.932101,10.380416],[123.936391,10.380242],[123.938022,10.379191],[123.940665,10.375185],[123.940482,10.373535],[123.942556,10.373721],[123.943363,10.36727],[123.944966,10.366729],[123.947345,10.36693],[123.951353,10.369801],[123.95585,10.369975],[123.956637,10.370999],[123.959849,10.364837],[123.958094,10.362013],[123.95886,10.36075],[123.95887,10.358998],[123.960783,10.357972]]]}},
{"type":"Feature","properties":{"fid":8,"City_Name":"Tacloban City (Capital)","City_PSGC_Code":"0831600000","Province_Name":"Leyte","Province_PSGC_Code":"0803700000","Region_Name":"Region VIII (Eastern Visayas)","Region_PSGC_Code":"0800000000","AREA_SQKM":105.983264116},"geometry":{"type":"MultiPolygon","coordinates":[[[[124.967834,11.353511],[124.966504,11.345899],[124.968547,11.343178],[124.968351,11.341284],[124.969055,11.340925],[124.968782,11.340069],[124.967691,11.340471],[124.967296,11.339822],[124.970824,11.336558],[124.969286,11.335075],[124.967845,11.335153],[124.967129,11.334423],[124.967406,11.333493],[124.966644,11.333404],[124.96525,11.331194],[124.96494,11.329576],[124.96563,11.328882],[124.964973,11.327325],[124.96582,11.326254],[124.963019,11.321719],[124.963246,11.320685],[124.96229,11.318212],[124.962739,11.317272],[124.961859,11.316238],[124.962932,11.31205],[124.964473,11.310284],[124.963955,11.309544],[124.964783,11.308981],[124.964844,11.304315],[124.965801,11.303609],[124.966199,11.301709],[124.964897,11.297542],[124.965796,11.296483],[124.966089,11.292941],[124.965075,11.293115],[124.964369,11.292839],[124.965187,11.292451],[124.965633,11.290183],[124.965207,11.287316],[124.961967,11.280239],[124.96399,11.277885],[124.964579,11.275175],[124.964225,11.272325],[124.965173,11.2706],[124.9665,11.271003],[124.965917,11.270147],[124.96639,11.269552],[124.967352,11.270232],[124.967149,11.270448],[124.966741,11.270952],[124.967365,11.270235],[124.966523,11.26904],[124.967583,11.26907],[124.967624,11.269642],[124.967707,11.269044],[124.969126,11.269112],[124.969144,11.266248],[124.971097,11.263754],[124.971509,11.264112],[124.972742,11.262412],[124.974115,11.26206],[124.974583,11.260849],[124.974912,11.261778],[124.975732,11.258294],[124.975127,11.255722],[124.979111,11.252451],[124.980534,11.252816],[124.981713,11.251592],[124.982406,11.251907],[124.981974,11.251884],[124.9821,11.252613],[124.982407,11.25225],[124.98249,11.251707],[124.983657,11.250521],[124.982677,11.251637],[124.982915,11.252765],[124.984474,11.253638],[124.984672,11.253061],[124.98516,11.252308],[124.985405,11.252048],[124.985484,11.252068],[124.984372,11.254362],[124.986436,11.255022],[124.987576,11.25599],[124.987002,11.25664],[124.987934,11.25698],[124.987549,11.258148],[124.986891,11.257912],[124.985953,11.25995],[124.985438,11.259953],[124.986821,11.260866],[124.988916,11.259663],[124.989143,11.2578],[124.991147,11.25459],[124.991173,11.253231],[124.994044,11.249411],[124.995167,11.248232],[124.99679,11.248278],[124.999012,11.246202],[125.000363,11.247105],[124.999383,11.247648],[124.999761,11.248421],[124.998575,11.249092],[124.999745,11.248614],[125.001399,11.251758],[125.004528,11.252754],[125.008125,11.251744],[125.008366,11.249285],[125.009713,11.247771],[125.010369,11.245606],[125.009289,11.242862],[125.009522,11.241977],[125.008371,11.24159],[125.008645,11.241035],[125.008349,11.24158],[125.006633,11.24069],[125.005662,11.238244],[125.004751,11.232626],[125.005162,11.230227],[125.004501,11.22999],[125.004109,11.227593],[125.004609,11.222878],[125.005705,11.221588],[125.004843,11.220949],[125.006688,11.217647],[125.007931,11.217379],[125.007714,11.216592],[125.008941,11.215976],[125.008922,11.215155],[125.011636,11.21442],[125.011647,11.213698],[125.013877,11.21248],[125.01529,11.213335],[125.015507,11.211969],[125.014914,11.211273],[125.015814,11.212235],[125.016642,11.212235],[125.017749,11.20917],[125.019166,11.208286],[125.019396,11.208949],[125.019434,11.208936],[125.019698,11.207842],[125.023104,11.207997],[125.024688,11.209884],[125.024255,11.211544],[125.023234,11.212306],[125.023679,11.212517],[125.023362,11.214511],[125.022309,11.215071],[125.022731,11.215606],[125.022113,11.216343],[125.021631,11.216019],[125.02198,11.216459],[125.018642,11.219619],[125.019275,11.221685],[125.021719,11.223815],[125.021383,11.225566],[125.020049,11.226215],[125.021123,11.227932],[125.020396,11.228699],[125.021217,11.22804],[125.022154,11.228761],[125.02211,11.228298],[125.022391,11.228096],[125.022168,11.229247],[125.023585,11.231711],[125.022765,11.235065],[125.023322,11.235556],[125.023004,11.236458],[125.023843,11.236297],[125.024294,11.235227],[125.024776,11.235264],[125.024531,11.23636],[125.022243,11.237094],[125.021917,11.236282],[125.022737,11.235695],[125.022085,11.234424],[125.021215,11.236539],[125.022153,11.237359],[125.025286,11.236861],[125.03076,11.238562],[125.030779,11.23432],[125.028166,11.22306],[125.026989,11.213491],[125.026907,11.210749],[125.028203,11.207559],[125.02543,11.201108],[125.025639,11.196403],[125.019484,11.186682],[125.015886,11.186196],[125.012988,11.186531],[125.007673,11.188841],[124.998483,11.188916],[124.998684,11.193024],[124.991777,11.190965],[124.988239,11.191058],[124.986317,11.203974],[124.988514,11.210303],[124.988371,11.211477],[124.983087,11.213696],[124.981853,11.217817],[124.976884,11.225323],[124.961448,11.221726],[124.947896,11.226857],[124.936878,11.236303],[124.942105,11.240034],[124.938576,11.251521],[124.928724,11.25531],[124.923335,11.250029],[124.921807,11.246012],[124.916199,11.245289],[124.896081,11.25881],[124.914162,11.270212],[124.921937,11.275831],[124.910627,11.293492],[124.887567,11.317554],[124.93629,11.343714],[124.944267,11.345967],[124.953897,11.34999],[124.960289,11.350971],[124.964784,11.353426],[124.967834,11.353511]]],[[[124.977246,11.338328],[124.976127,11.338217],[124.975445,11.338837],[124.975372,11.33969],[124.976469,11.341224],[124.977246,11.338328]]],[[[124.974602,11.337658],[124.975291,11.337355],[124.973572,11.336337],[124.973323,11.33692],[124.974602,11.337658]]],[[[125.046616,11.216022],[125.046305,11.217652],[125.047481,11.217333],[125.048242,11.214998],[125.046616,11.216022]]]]}},
{"type":"Feature","properties":{"fid":9,"City_Name":"Zamboanga City","City_PSGC_Code":"0931700000","Province_Name":"Zamboanga del Sur","Province_PSGC_Code":"0907300000","Region_Name":"Region IX (Zamboanga Peninsula)","Region_PSGC_Code":"0900000000","AREA_SQKM":1497.15480368},"geometry":{"type":"MultiPolygon","coordinates":[[[[122.057101,6.872739],[122.064588,6.871934],[122.066864,6.868607],[122.066864,6.867265],[122.06874,6.868074],[122.07147,6.866642],[122.073732,6.864398],[122.073553,6.862476],[122.071998,6.861126],[122.065584,6.858592],[122.059675,6.858353],[122.057289,6.862682],[122.053011,6.866216],[122.051402,6.86865],[122.05388,6.872489],[122.057101,6.872739]]],[[[122.29631,6.8764],[122.298124,6.874961],[122.29958,6.875257],[122.300259,6.874564],[122.298713,6.873487],[122.298716,6.87404],[122.296437,6.875416],[122.29631,6.8764]]],[[[122.036576,6.885437],[122.04011,6.885372],[122.050458,6.88335],[122.046908,6.882874],[122.040525,6.883278],[122.037353,6.883648],[122.036276,6.884843],[122.036576,6.885437]]],[[[122.159627,6.890513],[122.159997,6.888777],[122.157615,6.887008],[122.158147,6.885698],[122.157406,6.885393],[122.157653,6.884523],[122.156994,6.884406],[122.157833,6.882593],[122.155905,6.88118],[122.15739,6.883061],[122.156065,6.883238],[122.155575,6.882049],[122.154361,6.881442],[122.153644,6.882085],[122.153272,6.881436],[122.153044,6.88209],[122.150698,6.881271],[122.150002,6.881837],[122.148584,6.880564],[122.146748,6.880675],[122.146458,6.881302],[122.145854,6.880448],[122.145518,6.881773],[122.145411,6.88092],[122.144252,6.881483],[122.142466,6.881082],[122.143174,6.88046],[122.142124,6.878377],[122.141698,6.87929],[122.141244,6.878702],[122.138535,6.879016],[122.135851,6.880898],[122.135791,6.882161],[122.138241,6.883626],[122.139083,6.88574],[122.138714,6.88612],[122.140527,6.886758],[122.140979,6.88814],[122.141096,6.887625],[122.142014,6.888027],[122.142251,6.886851],[122.14437,6.888107],[122.145985,6.88764],[122.147952,6.888307],[122.147841,6.887019],[122.148779,6.887475],[122.149134,6.886907],[122.148324,6.885676],[122.152437,6.88515],[122.154488,6.885845],[122.154355,6.886849],[122.15524,6.886822],[122.154694,6.887823],[122.155873,6.888261],[122.155979,6.889043],[122.158528,6.889419],[122.158806,6.888469],[122.159627,6.890513]]],[[[122.279624,6.893523],[122.283705,6.892875],[122.286526,6.891724],[122.290379,6.88786],[122.292137,6.883401],[122.29321,6.874855],[122.292547,6.87213],[122.294003,6.87111],[122.292129,6.870717],[122.291093,6.871453],[122.289793,6.870907],[122.288948,6.871262],[122.288591,6.87228],[122.286905,6.872971],[122.286801,6.87461],[122.286059,6.875379],[122.284338,6.87568],[122.281557,6.87731],[122.281484,6.879672],[122.280791,6.87988],[122.280504,6.879228],[122.278106,6.879832],[122.27762,6.880771],[122.27349,6.882441],[122.272488,6.886798],[122.272465,6.890809],[122.273332,6.891966],[122.275616,6.893103],[122.278439,6.892987],[122.279624,6.893523]]],[[[122.165937,6.89679],[122.167637,6.89542],[122.169453,6.892529],[122.169112,6.889131],[122.167375,6.886903],[122.16616,6.888514],[122.167952,6.889021],[122.168766,6.890965],[122.16685,6.894839],[122.16574,6.895573],[122.165182,6.894857],[122.162822,6.894665],[122.164977,6.896702],[122.165937,6.89679]]],[[[122.161345,6.914665],[122.162412,6.91504],[122.162817,6.912927],[122.161465,6.913403],[122.160206,6.91277],[122.16047,6.9143],[122.158117,6.910205],[122.157257,6.909704],[122.156941,6.910583],[122.156814,6.909558],[122.156086,6.910204],[122.156081,6.911188],[122.156941,6.910838],[122.156768,6.91176],[122.157458,6.912269],[122.156574,6.912388],[122.161168,6.916628],[122.161345,6.914665]]],[[[122.181724,6.918849],[122.181864,6.917514],[122.182521,6.917218],[122.183195,6.917744],[122.183862,6.916837],[122.184182,6.914724],[122.183274,6.915324],[122.182669,6.913743],[122.180899,6.914526],[122.180287,6.914143],[122.18045,6.912822],[122.179396,6.912502],[122.179179,6.915427],[122.179677,6.915145],[122.180599,6.918142],[122.181724,6.918849]]],[[[122.326661,6.956277],[122.328281,6.955795],[122.328314,6.953],[122.327439,6.953718],[122.323614,6.953518],[122.323313,6.954724],[122.324067,6.955812],[122.326661,6.956277]]],[[[122.358473,6.983966],[122.358758,6.983164],[122.357711,6.982131],[122.355286,6.983023],[122.35581,6.983051],[122.35571,6.983662],[122.358473,6.983966]]],[[[122.355027,6.98865],[122.357678,6.988109],[122.354765,6.986478],[122.355108,6.983415],[122.354378,6.980522],[122.355206,6.979497],[122.354557,6.976769],[122.350396,6.976981],[122.347305,6.978441],[122.346041,6.982021],[122.349032,6.982746],[122.348969,6.983514],[122.349628,6.982858],[122.35146,6.983581],[122.352776,6.984629],[122.35258,6.986707],[122.35469,6.987575],[122.355027,6.98865]]],[[[122.272443,6.999375],[122.272948,6.997012],[122.27689,6.990635],[122.278892,6.989551],[122.278401,6.989434],[122.278836,6.989196],[122.278454,6.98851],[122.278903,6.988182],[122.279396,6.988856],[122.280392,6.988539],[122.280196,6.987773],[122.279357,6.988186],[122.279622,6.987577],[122.280859,6.987406],[122.28213,6.98495],[122.282649,6.985127],[122.282151,6.984904],[122.28364,6.980578],[122.285668,6.978315],[122.283847,6.974771],[122.282013,6.974157],[122.280252,6.971552],[122.27857,6.966652],[122.272706,6.957638],[122.269672,6.955223],[122.264148,6.9534],[122.262253,6.953851],[122.262613,6.954452],[122.261669,6.953891],[122.260584,6.954846],[122.256327,6.955181],[122.254673,6.956331],[122.249988,6.956385],[122.24728,6.961823],[122.247344,6.96272],[122.244727,6.964325],[122.244014,6.963402],[122.245107,6.96304],[122.244821,6.96239],[122.242895,6.96225],[122.242283,6.963074],[122.24184,6.961898],[122.240761,6.962509],[122.240831,6.95785],[122.242692,6.957592],[122.243637,6.954641],[122.243128,6.953754],[122.240031,6.952345],[122.238417,6.953879],[122.239362,6.952007],[122.236559,6.951622],[122.236563,6.950323],[122.234431,6.949867],[122.233251,6.947051],[122.231603,6.946926],[122.231095,6.945463],[122.230438,6.945409],[122.229776,6.946832],[122.229079,6.946081],[122.228461,6.946964],[122.228849,6.945105],[122.227731,6.944644],[122.227513,6.94625],[122.225927,6.943956],[122.224722,6.944435],[122.224488,6.945463],[122.221054,6.945473],[122.220616,6.944523],[122.221227,6.943665],[122.222803,6.943208],[122.224022,6.943831],[122.224519,6.942737],[122.223212,6.941081],[122.222159,6.940827],[122.222039,6.940191],[122.221505,6.940432],[122.220219,6.937865],[122.21569,6.937839],[122.213419,6.938722],[122.213745,6.938066],[122.213036,6.937953],[122.213135,6.937312],[122.211346,6.940009],[122.211342,6.938815],[122.209536,6.938214],[122.209341,6.937206],[122.207924,6.937478],[122.208053,6.935765],[122.207151,6.935511],[122.207486,6.934765],[122.206872,6.93355],[122.207388,6.933083],[122.20737,6.93082],[122.206628,6.928347],[122.206124,6.927937],[122.205973,6.928551],[122.205487,6.927248],[122.206058,6.926662],[122.205064,6.926541],[122.205025,6.925707],[122.204141,6.925313],[122.203218,6.922507],[122.201386,6.922416],[122.201459,6.920139],[122.199098,6.919245],[122.200289,6.921467],[122.199419,6.921775],[122.199587,6.922863],[122.198767,6.922876],[122.198411,6.924112],[122.195617,6.924311],[122.194885,6.927017],[122.195695,6.927539],[122.193725,6.927751],[122.196424,6.929935],[122.195149,6.931152],[122.196486,6.934828],[122.201002,6.936094],[122.200528,6.937347],[122.202261,6.938965],[122.201816,6.940105],[122.20239,6.941482],[122.200731,6.94421],[122.201027,6.946445],[122.200127,6.947764],[122.198512,6.948349],[122.1986,6.953444],[122.200558,6.953405],[122.200038,6.955664],[122.200793,6.95491],[122.201527,6.95629],[122.20309,6.954572],[122.203762,6.955369],[122.204099,6.952081],[122.206062,6.955053],[122.207711,6.955498],[122.208076,6.954969],[122.20828,6.95568],[122.209618,6.956055],[122.211012,6.961271],[122.211247,6.965888],[122.212302,6.967585],[122.213809,6.96799],[122.214118,6.969279],[122.213472,6.969606],[122.213848,6.970303],[122.213397,6.970828],[122.208698,6.971824],[122.210652,6.974197],[122.211885,6.974816],[122.212583,6.974194],[122.213685,6.97502],[122.21409,6.976107],[122.21282,6.976223],[122.212452,6.977107],[122.214147,6.979906],[122.215293,6.98102],[122.216444,6.981162],[122.216994,6.979356],[122.218126,6.980895],[122.219358,6.980484],[122.21981,6.978936],[122.221089,6.9789],[122.221775,6.979472],[122.221643,6.980839],[122.223078,6.978318],[122.224076,6.980386],[122.222815,6.982726],[122.222742,6.984363],[122.223461,6.984126],[122.223752,6.983013],[122.224574,6.984733],[122.225974,6.984936],[122.226077,6.985717],[122.225119,6.986526],[122.22591,6.986462],[122.225744,6.98717],[122.226875,6.986716],[122.229254,6.987143],[122.231463,6.989105],[122.230907,6.989533],[122.229625,6.988824],[122.227484,6.989318],[122.225349,6.9888],[122.224523,6.989622],[122.226957,6.990082],[122.228954,6.991334],[122.23464,6.992368],[122.236114,6.991929],[122.237204,6.993032],[122.2374,6.99228],[122.237997,6.992979],[122.240516,6.992364],[122.242034,6.989675],[122.241931,6.987247],[122.2409,6.98529],[122.241572,6.983858],[122.242839,6.986534],[122.244778,6.985927],[122.244436,6.987143],[122.243496,6.987511],[122.24381,6.988452],[122.244674,6.988744],[122.246221,6.987725],[122.246892,6.988183],[122.246464,6.989473],[122.247464,6.98967],[122.246996,6.990427],[122.247589,6.990709],[122.244755,6.990622],[122.244041,6.991291],[122.244436,6.991822],[122.246514,6.991973],[122.249897,6.993491],[122.25093,6.992739],[122.251023,6.994459],[122.25218,6.994262],[122.252653,6.995389],[122.253945,6.996011],[122.260076,6.996945],[122.261485,6.996847],[122.261813,6.996061],[122.262929,6.996979],[122.263263,6.995664],[122.263915,6.996945],[122.266163,6.99733],[122.266463,6.996708],[122.267617,6.997939],[122.268953,6.997922],[122.270371,6.99986],[122.271377,7.000158],[122.272443,6.999375]]],[[[122.253798,7.104321],[122.254379,7.103894],[122.253457,7.100773],[122.25376,7.098929],[122.252261,7.098275],[122.250714,7.099539],[122.250575,7.102316],[122.25205,7.103956],[122.253798,7.104321]]],[[[122.270011,7.118885],[122.270974,7.118534],[122.269676,7.117091],[122.269402,7.118359],[122.270011,7.118885]]],[[[122.271719,7.119904],[122.272344,7.119372],[122.272402,7.119078],[122.271391,7.119511],[122.271719,7.119904]]],[[[122.27059,7.120534],[122.271132,7.12091],[122.270991,7.120363],[122.27059,7.120534]]],[[[122.272586,7.126155],[122.275167,7.125085],[122.274657,7.123693],[122.271401,7.124737],[122.272586,7.126155]]],[[[122.262215,7.131991],[122.26297,7.130804],[122.262499,7.129104],[122.261172,7.130305],[122.260848,7.131624],[122.262215,7.131991]]],[[[122.26745,7.135162],[122.269614,7.134804],[122.271154,7.131846],[122.271007,7.129572],[122.268605,7.127522],[122.265941,7.132484],[122.267507,7.13362],[122.26745,7.135162]]],[[[122.258302,7.136571],[122.258708,7.136775],[122.258559,7.136424],[122.258302,7.136571]]],[[[122.256841,7.137511],[122.257793,7.136945],[122.257346,7.134415],[122.255851,7.132717],[122.254504,7.13363],[122.254493,7.134345],[122.255238,7.136511],[122.256841,7.137511]]],[[[122.253628,7.138606],[122.254808,7.138858],[122.254627,7.137952],[122.253628,7.138606]]],[[[122.257392,7.140268],[122.258939,7.138372],[122.258395,7.137332],[122.255548,7.138287],[122.256439,7.140108],[122.257392,7.140268]]],[[[122.266154,7.152382],[122.266062,7.149683],[122.263582,7.149025],[122.263876,7.147809],[122.263113,7.145488],[122.262567,7.144762],[122.261969,7.14494],[122.260949,7.147036],[122.261163,7.148527],[122.26363,7.149765],[122.266154,7.152382]]],[[[122.273196,7.155955],[122.274091,7.155359],[122.273178,7.153021],[122.273895,7.150755],[122.273378,7.150282],[122.270606,7.154974],[122.273196,7.155955]]],[[[122.287058,7.171379],[122.288988,7.171275],[122.288403,7.169729],[122.286257,7.169641],[122.287058,7.171379]]],[[[122.275209,7.170836],[122.277901,7.167968],[122.276541,7.165156],[122.275712,7.164666],[122.275649,7.162727],[122.272645,7.162812],[122.272051,7.163477],[122.272413,7.164449],[122.27199,7.164012],[122.270886,7.164917],[122.270241,7.164005],[122.269014,7.164718],[122.268618,7.164068],[122.267728,7.164914],[122.266682,7.164746],[122.266971,7.166133],[122.266216,7.167024],[122.268315,7.169379],[122.270007,7.168281],[122.269426,7.169206],[122.270043,7.16896],[122.270359,7.169704],[122.268504,7.169859],[122.270363,7.172227],[122.271301,7.172432],[122.275209,7.170836]]],[[[122.289196,7.1746],[122.288517,7.174555],[122.288838,7.17504],[122.289196,7.1746]]],[[[122.286634,7.176814],[122.287159,7.175915],[122.286484,7.174808],[122.286962,7.174149],[122.287884,7.174212],[122.28671,7.173909],[122.286515,7.172426],[122.28538,7.171661],[122.283114,7.173578],[122.282612,7.17545],[122.286634,7.176814]]],[[[122.268899,7.180826],[122.271474,7.179985],[122.271044,7.178622],[122.268311,7.176603],[122.267282,7.17653],[122.266991,7.178712],[122.268899,7.180826]]],[[[122.317314,7.315339],[122.317102,7.314239],[122.318516,7.313528],[122.318768,7.311501],[122.315257,7.309446],[122.314304,7.307523],[122.312606,7.308233],[122.309624,7.30757],[122.309641,7.30916],[122.308039,7.309819],[122.309493,7.310833],[122.309668,7.312322],[122.310961,7.314116],[122.312623,7.313692],[122.314913,7.315292],[122.316304,7.314372],[122.317314,7.315339]]],[[[122.324479,7.319385],[122.325896,7.319029],[122.326453,7.318001],[122.323017,7.31851],[122.324479,7.319385]]],[[[122.32706,7.319625],[122.328528,7.319539],[122.328498,7.318729],[122.327175,7.319002],[122.32706,7.319625]]],[[[122.409302,7.354126],[122.408508,7.354126],[122.408081,7.354919],[122.408081,7.356689],[122.409485,7.355896],[122.409302,7.354126]]],[[[122.405273,7.359314],[122.404297,7.35968],[122.404724,7.363098],[122.405701,7.362305],[122.405273,7.359314]]],[[[122.429504,7.387695],[122.428284,7.385681],[122.42749,7.386475],[122.428894,7.388123],[122.429504,7.387695]]],[[[122.387406,7.395464],[122.388608,7.395236],[122.387481,7.394079],[122.387406,7.395464]]],[[[122.403562,7.395193],[122.401804,7.394966],[122.40271,7.393921],[122.4021,7.392883],[122.401123,7.3927],[122.400085,7.393921],[122.400513,7.394897],[122.401706,7.394988],[122.401921,7.396977],[122.403491,7.396335],[122.403562,7.395193]]],[[[122.373604,7.407188],[122.373055,7.404547],[122.373303,7.403678],[122.372697,7.4039],[122.372009,7.403211],[122.370119,7.404369],[122.369917,7.406937],[122.371858,7.407073],[122.372638,7.406398],[122.373604,7.407188]]],[[[122.372095,7.410815],[122.373677,7.411129],[122.373813,7.410044],[122.372574,7.408564],[122.370613,7.408194],[122.370044,7.412427],[122.371194,7.412328],[122.372095,7.410815]]],[[[122.35242,7.457651],[122.352669,7.456137],[122.354255,7.455033],[122.350521,7.44976],[122.351614,7.448352],[122.351895,7.446675],[122.351332,7.444398],[122.348945,7.444157],[122.34869,7.444844],[122.34795,7.444557],[122.346256,7.445549],[122.347188,7.443266],[122.345972,7.442172],[122.345932,7.441016],[122.347055,7.439783],[122.346002,7.435593],[122.346745,7.43307],[122.346222,7.432478],[122.34534,7.432895],[122.34597,7.431816],[122.345304,7.431765],[122.345738,7.431537],[122.345283,7.431452],[122.345222,7.431111],[122.345623,7.431283],[122.345329,7.427226],[122.344845,7.425571],[122.343512,7.425089],[122.344866,7.424831],[122.345897,7.421252],[122.348376,7.420343],[122.348384,7.419701],[122.350661,7.419791],[122.350388,7.418084],[122.348331,7.416844],[122.348488,7.414391],[122.353379,7.414697],[122.35388,7.413498],[122.352404,7.411554],[122.349821,7.40991],[122.346856,7.405707],[122.345718,7.404746],[122.344934,7.40501],[122.344206,7.401848],[122.343524,7.401626],[122.34529,7.398922],[122.343374,7.396589],[122.347461,7.396292],[122.348091,7.396405],[122.34795,7.396909],[122.349335,7.395904],[122.350459,7.397708],[122.351333,7.396582],[122.351533,7.397278],[122.352394,7.397337],[122.354393,7.399101],[122.355862,7.401224],[122.357352,7.401704],[122.36101,7.400592],[122.36158,7.398355],[122.361172,7.398071],[122.363762,7.397892],[122.362687,7.396541],[122.36243,7.394905],[122.363943,7.394718],[122.365916,7.395815],[122.365321,7.395004],[122.36643,7.394945],[122.366724,7.393922],[122.367741,7.393446],[122.370124,7.394602],[122.371309,7.393316],[122.372675,7.393711],[122.373781,7.393199],[122.373463,7.392553],[122.374084,7.391479],[122.375349,7.393005],[122.376238,7.392499],[122.37801,7.393168],[122.379279,7.392921],[122.379288,7.392005],[122.380438,7.391579],[122.380562,7.39323],[122.381534,7.393169],[122.384621,7.395729],[122.385523,7.395483],[122.385648,7.394124],[122.387263,7.394052],[122.388157,7.391962],[122.390412,7.389786],[122.393329,7.390877],[122.39347,7.390385],[122.391306,7.387969],[122.390901,7.386859],[122.39133,7.386274],[122.390145,7.385009],[122.389682,7.383017],[122.386952,7.380247],[122.3857,7.380795],[122.38393,7.378938],[122.384211,7.377694],[122.383486,7.377813],[122.383932,7.377009],[122.38343,7.374524],[122.381062,7.373759],[122.379406,7.372017],[122.379289,7.370975],[122.380138,7.37092],[122.380279,7.370125],[122.379629,7.368226],[122.380105,7.364012],[122.381736,7.364585],[122.382504,7.363715],[122.380567,7.360536],[122.379173,7.360567],[122.376995,7.359122],[122.374124,7.354853],[122.371664,7.349064],[122.372694,7.347788],[122.367791,7.344702],[122.366935,7.343074],[122.365621,7.342881],[122.364974,7.343691],[122.363639,7.342246],[122.364479,7.340717],[122.363148,7.339687],[122.362497,7.337103],[122.364295,7.335174],[122.362335,7.335912],[122.359878,7.334107],[122.359168,7.334347],[122.358192,7.332693],[122.359147,7.331552],[122.358392,7.33095],[122.358552,7.329712],[122.356569,7.330196],[122.355222,7.329181],[122.352085,7.328766],[122.345657,7.323151],[122.344032,7.320871],[122.345144,7.320041],[122.345091,7.318965],[122.342262,7.316887],[122.341331,7.314475],[122.34022,7.313745],[122.337986,7.313209],[122.337354,7.314034],[122.337789,7.314908],[122.336499,7.316869],[122.335294,7.314577],[122.331774,7.312104],[122.33024,7.30995],[122.329613,7.307089],[122.32714,7.305923],[122.32547,7.306761],[122.325438,7.307972],[122.327321,7.308982],[122.327529,7.310117],[122.328458,7.310189],[122.329327,7.311371],[122.329024,7.31603],[122.328041,7.315742],[122.327494,7.317712],[122.32911,7.318839],[122.330558,7.3214],[122.332766,7.321625],[122.33385,7.322741],[122.333721,7.32168],[122.334979,7.321751],[122.336893,7.323292],[122.336236,7.323854],[122.333836,7.323497],[122.334478,7.326078],[122.335585,7.326227],[122.335111,7.327318],[122.334596,7.327044],[122.335058,7.326748],[122.333992,7.327011],[122.334067,7.329],[122.331359,7.327126],[122.330422,7.329013],[122.328597,7.329574],[122.328634,7.330462],[122.327643,7.329188],[122.326901,7.329307],[122.326501,7.328324],[122.325188,7.32862],[122.323186,7.325103],[122.32256,7.325172],[122.319327,7.321694],[122.318389,7.322128],[122.317596,7.321628],[122.317671,7.320996],[122.317264,7.321596],[122.316082,7.320664],[122.313615,7.321185],[122.312909,7.319488],[122.311017,7.318939],[122.312622,7.320719],[122.314847,7.325634],[122.315541,7.327765],[122.315169,7.328064],[122.315765,7.328411],[122.315127,7.329047],[122.315309,7.329834],[122.316713,7.331838],[122.317342,7.33188],[122.316913,7.332222],[122.318931,7.333816],[122.31715,7.33558],[122.314192,7.333544],[122.31474,7.333428],[122.311861,7.330541],[122.308038,7.329399],[122.30768,7.329741],[122.308538,7.331276],[122.308443,7.3334],[122.307483,7.334296],[122.307924,7.335516],[122.305411,7.335116],[122.304247,7.336427],[122.302432,7.335107],[122.30125,7.335352],[122.301707,7.334454],[122.301334,7.333314],[122.299494,7.330577],[122.298866,7.330138],[122.298472,7.330526],[122.298419,7.329395],[122.293565,7.325075],[122.2919,7.325376],[122.292016,7.321509],[122.290208,7.321632],[122.290316,7.320967],[122.289609,7.320579],[122.291898,7.318418],[122.291728,7.316793],[122.290882,7.316215],[122.291391,7.31529],[122.292584,7.315533],[122.292489,7.313573],[122.291579,7.313512],[122.290789,7.312143],[122.289715,7.307554],[122.290357,7.304964],[122.293239,7.305564],[122.294293,7.304909],[122.294494,7.303948],[122.293747,7.303019],[122.294052,7.302094],[122.290934,7.298618],[122.291765,7.296894],[122.289766,7.292778],[122.289207,7.287591],[122.289698,7.287749],[122.289819,7.286624],[122.288969,7.286291],[122.289868,7.284791],[122.288744,7.285134],[122.28953,7.284536],[122.289411,7.282641],[122.290038,7.281831],[122.290163,7.277361],[122.289239,7.27518],[122.286614,7.2756],[122.285133,7.274655],[122.285266,7.272834],[122.284624,7.272637],[122.28488,7.272068],[122.283454,7.270157],[122.283902,7.267607],[122.282178,7.267168],[122.282105,7.266483],[122.280281,7.26569],[122.280615,7.264735],[122.279915,7.264225],[122.281047,7.263674],[122.280754,7.263297],[122.281535,7.262343],[122.284287,7.261855],[122.284563,7.260657],[122.283335,7.256619],[122.282836,7.256687],[122.281902,7.255052],[122.280671,7.255219],[122.280241,7.254711],[122.282131,7.252581],[122.282081,7.251649],[122.280399,7.251685],[122.280552,7.252134],[122.279642,7.252592],[122.278381,7.250935],[122.278606,7.250998],[122.27902,7.250866],[122.277614,7.250767],[122.278187,7.249389],[122.280291,7.248362],[122.278473,7.247714],[122.278021,7.246611],[122.278772,7.246482],[122.27834,7.245428],[122.278881,7.244514],[122.27897,7.240789],[122.277644,7.238387],[122.279086,7.234637],[122.278832,7.233842],[122.27786,7.233627],[122.278043,7.232188],[122.279785,7.230861],[122.278677,7.230839],[122.277279,7.2318],[122.276867,7.231378],[122.276355,7.231964],[122.275739,7.231575],[122.275007,7.232171],[122.273376,7.232145],[122.272773,7.230516],[122.271565,7.229633],[122.271055,7.229931],[122.271001,7.229039],[122.270048,7.22845],[122.268883,7.227888],[122.267997,7.22863],[122.267638,7.227294],[122.267235,7.228793],[122.266799,7.22865],[122.266445,7.225792],[122.267125,7.22564],[122.266182,7.225121],[122.266141,7.223777],[122.26642,7.224494],[122.267087,7.224395],[122.266832,7.222964],[122.267931,7.222417],[122.268077,7.221305],[122.267282,7.221136],[122.266934,7.219866],[122.266054,7.219403],[122.264083,7.219923],[122.264159,7.219343],[122.263534,7.219427],[122.264091,7.218493],[122.263209,7.218232],[122.263807,7.218002],[122.261953,7.21771],[122.262321,7.217467],[122.261516,7.217294],[122.262213,7.217171],[122.261176,7.215802],[122.263458,7.216367],[122.26294,7.216565],[122.26351,7.216966],[122.264247,7.215499],[122.263518,7.214615],[122.264522,7.215226],[122.265178,7.214443],[122.265092,7.212822],[122.264175,7.212416],[122.265291,7.210774],[122.264826,7.210237],[122.265656,7.210154],[122.264935,7.209308],[122.265178,7.208577],[122.264281,7.209084],[122.263461,7.207946],[122.262969,7.208789],[122.262598,7.208284],[122.262508,7.207138],[122.263369,7.207421],[122.263086,7.205169],[122.262563,7.204836],[122.262901,7.204068],[122.259702,7.203453],[122.258107,7.20434],[122.257053,7.205453],[122.256996,7.208803],[122.255807,7.206671],[122.253003,7.208628],[122.252757,7.208146],[122.252511,7.208743],[122.249408,7.207758],[122.248369,7.208735],[122.248989,7.20743],[122.248723,7.20649],[122.247653,7.20626],[122.248522,7.206159],[122.248535,7.204115],[122.249503,7.202358],[122.249278,7.201352],[122.248444,7.201335],[122.24918,7.200743],[122.251053,7.201322],[122.250712,7.2005],[122.252774,7.199465],[122.253009,7.197957],[122.253785,7.197278],[122.253773,7.196565],[122.253165,7.196523],[122.254175,7.195731],[122.256224,7.195946],[122.25707,7.195039],[122.259448,7.19616],[122.26023,7.196039],[122.260484,7.195258],[122.261354,7.195373],[122.261285,7.194752],[122.264785,7.195],[122.265164,7.194533],[122.264867,7.193769],[122.260749,7.194488],[122.259545,7.193469],[122.258468,7.193738],[122.258169,7.192977],[122.256582,7.193491],[122.253811,7.192553],[122.2514,7.19259],[122.247532,7.189873],[122.24898,7.189582],[122.248753,7.188333],[122.249522,7.187981],[122.246589,7.188848],[122.246033,7.187997],[122.248083,7.187449],[122.248253,7.186453],[122.247545,7.18611],[122.24848,7.184606],[122.247987,7.184176],[122.250124,7.182943],[122.249712,7.182145],[122.251433,7.179579],[122.25066,7.17866],[122.251244,7.177859],[122.250776,7.177026],[122.25268,7.175075],[122.251655,7.174387],[122.250034,7.174611],[122.25113,7.17319],[122.249402,7.1728],[122.248163,7.170934],[122.248946,7.170395],[122.248655,7.16965],[122.249766,7.169167],[122.251714,7.169492],[122.25187,7.168707],[122.252776,7.169101],[122.255308,7.168617],[122.257242,7.165567],[122.257468,7.163492],[122.258357,7.163401],[122.2577,7.161767],[122.258358,7.161599],[122.258273,7.160538],[122.260361,7.159708],[122.258458,7.156858],[122.257052,7.156533],[122.256753,7.157478],[122.256098,7.157451],[122.256777,7.156226],[122.255386,7.155243],[122.2558,7.154813],[122.256454,7.155199],[122.256369,7.154618],[122.257342,7.154954],[122.257898,7.154018],[122.257859,7.152188],[122.256628,7.151236],[122.25721,7.150922],[122.257655,7.147932],[122.256636,7.146697],[122.254437,7.146333],[122.254167,7.1451],[122.253098,7.145491],[122.251987,7.144885],[122.251092,7.145467],[122.252007,7.143824],[122.249234,7.143021],[122.248838,7.141139],[122.246991,7.142724],[122.247645,7.140443],[122.246047,7.139787],[122.247445,7.139526],[122.246904,7.138716],[122.24498,7.139479],[122.245374,7.138359],[122.243938,7.138084],[122.244268,7.136922],[122.243663,7.137123],[122.243722,7.136711],[122.245031,7.136404],[122.243731,7.1354],[122.244474,7.135499],[122.244471,7.134812],[122.243373,7.134936],[122.244037,7.13434],[122.243387,7.133736],[122.243968,7.134019],[122.2441,7.133815],[122.243053,7.131382],[122.245448,7.13309],[122.247027,7.132749],[122.246163,7.133316],[122.246864,7.133199],[122.246499,7.133874],[122.24579,7.134027],[122.247554,7.135029],[122.249847,7.133357],[122.252947,7.132492],[122.256836,7.128035],[122.258223,7.125575],[122.258721,7.120949],[122.257192,7.119315],[122.255936,7.116598],[122.255163,7.11647],[122.254412,7.117386],[122.252126,7.118154],[122.251175,7.117737],[122.250924,7.1164],[122.252483,7.11546],[122.252342,7.114345],[122.253247,7.113479],[122.252959,7.112585],[122.253499,7.112066],[122.253951,7.112625],[122.256083,7.112799],[122.256881,7.111317],[122.256322,7.110634],[122.254844,7.110899],[122.254079,7.110213],[122.253593,7.111448],[122.251793,7.107928],[122.251331,7.106022],[122.251889,7.10568],[122.25069,7.10521],[122.250678,7.104203],[122.25006,7.104312],[122.250278,7.103161],[122.249528,7.103248],[122.249455,7.10242],[122.246865,7.101057],[122.243789,7.100914],[122.240977,7.097824],[122.238482,7.093744],[122.237711,7.091177],[122.237501,7.092053],[122.236999,7.091706],[122.234732,7.084621],[122.235136,7.083987],[122.234519,7.083448],[122.233818,7.083847],[122.232994,7.083021],[122.231763,7.083152],[122.232174,7.083904],[122.231134,7.085572],[122.231422,7.086459],[122.231099,7.086611],[122.230274,7.086573],[122.230823,7.086162],[122.229475,7.085469],[122.229497,7.086672],[122.229023,7.086819],[122.228506,7.082926],[122.228726,7.08477],[122.227948,7.085396],[122.227751,7.084835],[122.227954,7.08587],[122.228573,7.085544],[122.228646,7.086392],[122.226696,7.086105],[122.226497,7.084998],[122.225514,7.08498],[122.224815,7.084165],[122.224392,7.084563],[122.224157,7.08442],[122.224575,7.084192],[122.224124,7.084023],[122.224551,7.083035],[122.224117,7.081882],[122.222608,7.081683],[122.220441,7.080159],[122.219496,7.078661],[122.217934,7.078523],[122.217807,7.077377],[122.216593,7.076604],[122.214423,7.076184],[122.213853,7.075254],[122.214486,7.074885],[122.213455,7.074788],[122.21442,7.074471],[122.213766,7.074332],[122.214032,7.074003],[122.212225,7.073925],[122.213201,7.072862],[122.213856,7.073127],[122.214539,7.070511],[122.214419,7.069667],[122.213766,7.070186],[122.212315,7.069231],[122.212691,7.067748],[122.212029,7.069104],[122.211156,7.068905],[122.210277,7.07121],[122.209157,7.071469],[122.206786,7.070677],[122.206778,7.069959],[122.206366,7.070411],[122.206712,7.069933],[122.2066,7.069804],[122.205988,7.070276],[122.206369,7.069444],[122.205428,7.070509],[122.205679,7.069385],[122.205163,7.069646],[122.205652,7.069142],[122.205118,7.069541],[122.205354,7.068988],[122.204612,7.069105],[122.205279,7.068457],[122.204121,7.068336],[122.205217,7.066968],[122.20393,7.066647],[122.203828,7.065757],[122.204862,7.065636],[122.203834,7.064806],[122.205025,7.064715],[122.203798,7.063907],[122.204596,7.06387],[122.203644,7.063503],[122.203737,7.062846],[122.204456,7.062251],[122.204925,7.063172],[122.206241,7.063556],[122.208201,7.063155],[122.208821,7.064498],[122.209593,7.064688],[122.210494,7.061599],[122.209856,7.061532],[122.212115,7.059897],[122.21201,7.058203],[122.21264,7.0574],[122.211642,7.053076],[122.210755,7.053191],[122.210785,7.053956],[122.210288,7.05369],[122.210117,7.056001],[122.209336,7.055113],[122.209511,7.055694],[122.209029,7.05608],[122.209541,7.053319],[122.207307,7.052549],[122.206556,7.051429],[122.206171,7.052476],[122.205497,7.052167],[122.205843,7.051736],[122.205028,7.050722],[122.206278,7.050443],[122.205822,7.049004],[122.204809,7.048601],[122.205557,7.049284],[122.205128,7.049571],[122.203036,7.048546],[122.20474,7.047718],[122.205751,7.048073],[122.205213,7.04763],[122.20581,7.046935],[122.206086,7.047921],[122.206169,7.047333],[122.207349,7.047992],[122.206711,7.048634],[122.207536,7.049446],[122.208242,7.049275],[122.209109,7.050021],[122.209404,7.049584],[122.209729,7.050342],[122.210692,7.050541],[122.212824,7.049011],[122.212375,7.046033],[122.211063,7.045015],[122.210276,7.045576],[122.208667,7.045416],[122.208992,7.044329],[122.208299,7.043893],[122.207297,7.044952],[122.207203,7.044201],[122.20641,7.044245],[122.206994,7.04368],[122.206131,7.043178],[122.204251,7.043374],[122.204629,7.042936],[122.20418,7.04227],[122.205399,7.042677],[122.206644,7.042222],[122.205853,7.040571],[122.204895,7.041185],[122.204824,7.040357],[122.203192,7.040667],[122.20178,7.042694],[122.201332,7.041254],[122.19784,7.039635],[122.202951,7.037497],[122.202889,7.036862],[122.20088,7.03623],[122.202073,7.035565],[122.201338,7.034535],[122.201981,7.0347],[122.202058,7.033979],[122.205073,7.035815],[122.205921,7.035738],[122.205947,7.036898],[122.20761,7.036877],[122.207082,7.038031],[122.207454,7.038969],[122.211661,7.039666],[122.21225,7.039195],[122.211823,7.034285],[122.211163,7.033087],[122.209318,7.03312],[122.20875,7.031065],[122.207223,7.031199],[122.208117,7.030465],[122.206917,7.030231],[122.208179,7.028635],[122.207811,7.027635],[122.205921,7.028407],[122.205777,7.027109],[122.204547,7.026155],[122.204485,7.023678],[122.205688,7.023871],[122.20387,7.022537],[122.204245,7.019445],[122.203299,7.019274],[122.204492,7.018449],[122.20408,7.018711],[122.202988,7.017],[122.203432,7.016609],[122.202161,7.017004],[122.201668,7.016415],[122.201069,7.016754],[122.201573,7.0162],[122.201557,7.016003],[122.200584,7.016279],[122.200102,7.015324],[122.20062,7.014969],[122.200046,7.015255],[122.198223,7.011976],[122.196627,7.007331],[122.194952,7.006802],[122.191996,7.003206],[122.192531,7.001937],[122.194071,7.000977],[122.192723,6.999836],[122.193388,6.999757],[122.193006,6.998941],[122.193589,6.998735],[122.193042,6.997748],[122.193727,6.997975],[122.192439,6.997153],[122.192626,6.996067],[122.192114,6.995861],[122.192144,6.996917],[122.191474,6.995614],[122.191628,6.994288],[122.192522,6.994292],[122.192381,6.993],[122.191684,6.992417],[122.191028,6.992991],[122.189764,6.992416],[122.188974,6.987248],[122.187658,6.986202],[122.188338,6.986616],[122.189039,6.986016],[122.188709,6.983109],[122.186211,6.980963],[122.185477,6.979533],[122.184974,6.974563],[122.184338,6.973374],[122.184403,6.971998],[122.185149,6.97167],[122.184626,6.9704],[122.186139,6.96378],[122.185574,6.958396],[122.185303,6.957463],[122.184619,6.957343],[122.185785,6.95497],[122.185237,6.954115],[122.184585,6.954363],[122.183864,6.952969],[122.185112,6.952391],[122.18403,6.95241],[122.184872,6.952177],[122.18464,6.951657],[122.183868,6.951562],[122.184247,6.951333],[122.183553,6.950735],[122.183131,6.951003],[122.182944,6.94986],[122.182487,6.950523],[122.181946,6.950037],[122.182554,6.949973],[122.182322,6.94931],[122.181242,6.948872],[122.181897,6.950032],[122.181155,6.949453],[122.180511,6.949793],[122.179745,6.948516],[122.179071,6.94834],[122.178992,6.949],[122.17847,6.948614],[122.178952,6.948201],[122.178116,6.946546],[122.17868,6.946152],[122.177912,6.946129],[122.17786,6.945142],[122.177297,6.945785],[122.176755,6.944473],[122.176124,6.944763],[122.174957,6.942717],[122.173217,6.942618],[122.172277,6.940965],[122.170953,6.941559],[122.170714,6.940875],[122.170731,6.941838],[122.170112,6.941526],[122.169185,6.939916],[122.170508,6.940288],[122.171633,6.939713],[122.17093,6.93878],[122.169133,6.938779],[122.169678,6.937545],[122.168988,6.935306],[122.16858,6.935667],[122.167808,6.934807],[122.166612,6.935222],[122.166397,6.934654],[122.164949,6.934511],[122.164751,6.933061],[122.162466,6.933022],[122.162372,6.93227],[122.161787,6.932504],[122.161216,6.931889],[122.157236,6.931508],[122.156977,6.93061],[122.156806,6.931144],[122.156007,6.930611],[122.155259,6.931412],[122.153398,6.93105],[122.153998,6.929619],[122.15448,6.929671],[122.154185,6.929279],[122.151919,6.929257],[122.1511,6.930125],[122.150998,6.929162],[122.150386,6.929397],[122.152004,6.928042],[122.155194,6.926993],[122.158657,6.927619],[122.159615,6.928594],[122.159199,6.927062],[122.156902,6.923898],[122.157723,6.92415],[122.158,6.923521],[122.153961,6.922896],[122.153576,6.92081],[122.156459,6.920855],[122.156382,6.920117],[122.1568,6.920279],[122.156848,6.920201],[122.155892,6.919679],[122.156198,6.919182],[122.156844,6.919774],[122.156776,6.918888],[122.157598,6.919174],[122.157267,6.918651],[122.15811,6.918533],[122.159031,6.917318],[122.159221,6.916042],[122.156132,6.913734],[122.154783,6.911285],[122.153165,6.912051],[122.153944,6.910962],[122.153365,6.909868],[122.152702,6.908789],[122.152348,6.909274],[122.152141,6.908549],[122.15035,6.908157],[122.151036,6.907056],[122.150245,6.907861],[122.150067,6.906264],[122.147602,6.90658],[122.147505,6.907144],[122.146527,6.906416],[122.143772,6.906865],[122.144087,6.906364],[122.142498,6.905902],[122.142312,6.907246],[122.142156,6.905821],[122.141229,6.905339],[122.140484,6.906435],[122.140315,6.905425],[122.140828,6.905193],[122.139504,6.904868],[122.138446,6.903625],[122.138608,6.902881],[122.139712,6.902808],[122.139455,6.901206],[122.137162,6.899833],[122.135804,6.900191],[122.135822,6.899271],[122.133788,6.897732],[122.131343,6.899176],[122.131861,6.897005],[122.129027,6.895701],[122.128226,6.894444],[122.128526,6.893697],[122.127682,6.893547],[122.126806,6.89232],[122.125742,6.892057],[122.123986,6.892751],[122.123132,6.892203],[122.121239,6.893059],[122.120816,6.891891],[122.119778,6.892788],[122.119647,6.891074],[122.118618,6.890811],[122.118153,6.892092],[122.118117,6.890478],[122.116885,6.889393],[122.113821,6.890295],[122.112687,6.888271],[122.112386,6.889036],[122.111568,6.888987],[122.111646,6.88969],[122.107852,6.88959],[122.107874,6.890588],[122.105603,6.891201],[122.102914,6.893299],[122.100581,6.892131],[122.101622,6.892988],[122.099929,6.893593],[122.098257,6.893334],[122.098063,6.894137],[122.09685,6.893807],[122.096413,6.895048],[122.095566,6.893655],[122.094943,6.894134],[122.095529,6.894795],[122.094759,6.894458],[122.094494,6.895051],[122.093863,6.894039],[122.092403,6.894421],[122.091989,6.895713],[122.091331,6.895468],[122.091378,6.896184],[122.090288,6.895105],[122.090463,6.896204],[122.088343,6.896601],[122.08791,6.897509],[122.087234,6.897471],[122.087446,6.897986],[122.086706,6.897099],[122.085854,6.897153],[122.082311,6.900043],[122.081542,6.899149],[122.080254,6.899964],[122.080843,6.901337],[122.078991,6.902146],[122.077613,6.902113],[122.078039,6.900589],[122.075183,6.902586],[122.075295,6.901808],[122.074629,6.901618],[122.076019,6.9008],[122.07304,6.902111],[122.069315,6.903791],[122.070008,6.90426],[122.067722,6.907643],[122.063934,6.908168],[122.059652,6.911672],[122.057923,6.911458],[122.057524,6.910719],[122.057273,6.911165],[122.057498,6.909938],[122.057188,6.911049],[122.055972,6.910773],[122.055849,6.909268],[122.055063,6.909544],[122.055602,6.909479],[122.055793,6.910716],[122.053969,6.9103],[122.054111,6.909827],[122.052961,6.910575],[122.05281,6.909942],[122.05029,6.91223],[122.050345,6.911252],[122.047337,6.912782],[122.046721,6.912099],[122.045906,6.912312],[122.046709,6.912726],[122.043731,6.913837],[122.04341,6.913182],[122.043638,6.913853],[122.042457,6.914444],[122.0398,6.9146],[122.038318,6.915532],[122.037733,6.914623],[122.038292,6.914229],[122.036861,6.914867],[122.03763,6.914651],[122.038078,6.915615],[122.037371,6.916418],[122.028468,6.918876],[122.026587,6.920184],[122.025855,6.919938],[122.021539,6.922934],[122.021038,6.922408],[122.021241,6.923156],[122.020781,6.922317],[122.021127,6.92314],[122.015806,6.926308],[122.014265,6.926523],[122.010138,6.929088],[122.00655,6.930025],[122.001953,6.933404],[121.999263,6.933989],[121.997067,6.935898],[121.996583,6.935687],[121.996821,6.936688],[121.995418,6.938127],[121.993468,6.938232],[121.990681,6.939591],[121.985843,6.946061],[121.983841,6.946201],[121.981367,6.948501],[121.981109,6.949541],[121.977709,6.9522],[121.977037,6.951797],[121.976618,6.952196],[121.976735,6.951679],[121.976097,6.952182],[121.97652,6.95253],[121.975912,6.952249],[121.976299,6.952703],[121.97536,6.952712],[121.975177,6.953763],[121.974415,6.95276],[121.973232,6.953059],[121.97333,6.953591],[121.973026,6.953106],[121.973438,6.955099],[121.9728,6.954225],[121.972088,6.954878],[121.971862,6.952978],[121.971321,6.953001],[121.971459,6.955385],[121.970771,6.953848],[121.970324,6.954902],[121.969215,6.954264],[121.96977,6.953479],[121.968216,6.953179],[121.968068,6.953921],[121.96777,6.953432],[121.967471,6.953945],[121.966829,6.952848],[121.966267,6.954046],[121.966029,6.952756],[121.965459,6.953913],[121.965429,6.952948],[121.964659,6.954055],[121.964561,6.953165],[121.963237,6.953376],[121.963691,6.952279],[121.963165,6.952012],[121.964222,6.951499],[121.965963,6.951875],[121.96587,6.950899],[121.966917,6.948974],[121.966972,6.94942],[121.967103,6.94856],[121.966514,6.947802],[121.96472,6.946923],[121.960142,6.948525],[121.957348,6.951215],[121.955941,6.951514],[121.955594,6.950956],[121.955809,6.951762],[121.953569,6.953953],[121.951423,6.954504],[121.951337,6.955015],[121.951072,6.954675],[121.950804,6.955337],[121.950417,6.954839],[121.948207,6.955814],[121.946714,6.958414],[121.943699,6.960144],[121.93962,6.964483],[121.93829,6.964991],[121.937775,6.964558],[121.938237,6.965051],[121.93651,6.968481],[121.934675,6.970424],[121.934111,6.969725],[121.933755,6.970209],[121.93461,6.970512],[121.934137,6.971743],[121.928055,6.983104],[121.926981,6.984384],[121.926301,6.98428],[121.926576,6.984795],[121.924501,6.986359],[121.923195,6.98835],[121.921138,6.995225],[121.92156,6.997062],[121.920225,6.998587],[121.9204,7.006785],[121.918993,7.017421],[121.918092,7.019398],[121.91845,7.020385],[121.912616,7.031138],[121.911293,7.041833],[121.909231,7.047415],[121.907232,7.049828],[121.906613,7.056436],[121.905081,7.06172],[121.902557,7.06673],[121.900219,7.069653],[121.898485,7.074209],[121.897505,7.080347],[121.900922,7.090732],[121.901679,7.10066],[121.901265,7.104361],[121.898352,7.106798],[121.897658,7.108513],[121.898039,7.110883],[121.901288,7.115903],[121.903569,7.123773],[121.903901,7.134271],[121.9016,7.144608],[121.903607,7.149292],[121.908188,7.151929],[121.909699,7.15375],[121.910337,7.15348],[121.911384,7.149361],[121.91746,7.141648],[121.918657,7.141771],[121.919755,7.140711],[121.922222,7.140326],[121.923628,7.140461],[121.925305,7.142079],[121.926153,7.141039],[121.925806,7.139035],[121.926461,7.139594],[121.928388,7.139574],[121.929043,7.141617],[121.932955,7.142946],[121.933859,7.145109],[121.934946,7.145928],[121.937511,7.14489],[121.938602,7.146205],[121.947351,7.150126],[121.972547,7.14982],[122.025628,7.151203],[122.048148,7.150004],[122.076389,7.15],[122.094826,7.164542],[122.094958,7.181303],[122.110099,7.194209],[122.136408,7.219264],[122.145927,7.241873],[122.143511,7.247405],[122.143239,7.253521],[122.141953,7.255937],[122.143823,7.263144],[122.146433,7.266338],[122.15329,7.267585],[122.161042,7.26143],[122.163268,7.263194],[122.165609,7.263501],[122.16699,7.265112],[122.170099,7.266148],[122.172593,7.266187],[122.173974,7.267031],[122.177351,7.272902],[122.179576,7.280921],[122.180843,7.281842],[122.159908,7.345544],[122.160585,7.366222],[122.169495,7.383962],[122.174862,7.3918],[122.177603,7.402373],[122.179169,7.415297],[122.188764,7.430569],[122.201883,7.437227],[122.217156,7.443884],[122.226422,7.453313],[122.237253,7.477233],[122.256097,7.484447],[122.271154,7.499865],[122.274365,7.507785],[122.27986,7.510425],[122.282892,7.513734],[122.28828,7.513065],[122.293845,7.49644],[122.297413,7.488947],[122.310043,7.474819],[122.323886,7.47118],[122.327882,7.469182],[122.333134,7.468315],[122.341154,7.465257],[122.347951,7.460988],[122.3491,7.458773],[122.35242,7.457651]]]]}},
{"type":"Feature","properties":{"fid":10,"City_Name":"Iligan City","City_PSGC_Code":"1030900000","Province_Name":"Lanao del Norte","Province_PSGC_Code":"1003500000","Region_Name":"Region X (Northern Mindanao)","Region_PSGC_Code":"1000000000","AREA_SQKM":532.186055406},"geometry":{"type":"Polygon","coordinates":[[[124.369795,8.320254],[124.379716,8.318074],[124.402856,8.315251],[124.425827,8.318378],[124.448248,8.318737],[124.447451,8.321993],[124.451558,8.322521],[124.451599,8.320895],[124.454731,8.320203],[124.456032,8.321627],[124.455178,8.323945],[124.455585,8.324677],[124.456927,8.32488],[124.457357,8.322798],[124.457991,8.322497],[124.460384,8.324921],[124.460709,8.326873],[124.477457,8.304272],[124.507034,8.239916],[124.510086,8.226182],[124.515073,8.194448],[124.520112,8.172481],[124.535697,8.16057],[124.566106,8.160824],[124.567055,8.160146],[124.564467,8.158549],[124.56431,8.157885],[124.566972,8.156348],[124.567186,8.155526],[124.566245,8.154876],[124.563997,8.155581],[124.564483,8.153498],[124.563449,8.1508],[124.559904,8.150305],[124.558252,8.146059],[124.554713,8.145635],[124.552459,8.144276],[124.498929,8.14409],[124.496728,8.147858],[124.495324,8.149015],[124.493453,8.149161],[124.492333,8.151096],[124.488901,8.150994],[124.48815,8.154404],[124.485993,8.15398],[124.484264,8.154716],[124.48409,8.155477],[124.485646,8.156748],[124.485882,8.157781],[124.485324,8.158896],[124.48421,8.158275],[124.484242,8.159902],[124.482218,8.161138],[124.481239,8.163487],[124.47267,8.151313],[124.455546,8.132937],[124.435015,8.128415],[124.404669,8.141588],[124.395757,8.153384],[124.376571,8.158135],[124.368875,8.156649],[124.369628,8.158436],[124.36936,8.159683],[124.367703,8.162041],[124.365477,8.162156],[124.364706,8.163175],[124.364628,8.165796],[124.362883,8.166796],[124.36354,8.169728],[124.362508,8.171615],[124.362962,8.173352],[124.364403,8.174929],[124.363746,8.179272],[124.361107,8.183156],[124.359759,8.183669],[124.359727,8.18502],[124.357107,8.187578],[124.356687,8.189101],[124.35721,8.190975],[124.354587,8.190975],[124.353714,8.192669],[124.35234,8.192122],[124.350907,8.19243],[124.349567,8.194863],[124.3484,8.193689],[124.347311,8.193709],[124.345677,8.196112],[124.346527,8.198893],[124.34838,8.201623],[124.347766,8.203419],[124.348609,8.20709],[124.347996,8.208052],[124.345718,8.208092],[124.346236,8.209308],[124.348397,8.210759],[124.346912,8.213759],[124.344551,8.215627],[124.345522,8.218462],[124.343857,8.219009],[124.341112,8.217334],[124.338537,8.217488],[124.335809,8.218569],[124.334061,8.22072],[124.332829,8.219687],[124.331018,8.220533],[124.330591,8.221277],[124.330915,8.223495],[124.329525,8.224108],[124.328655,8.226077],[124.287074,8.234816],[124.286929,8.23266],[124.288297,8.23126],[124.291513,8.228877],[124.292076,8.230027],[124.293045,8.230159],[124.293803,8.228735],[124.295188,8.228557],[124.295077,8.226378],[124.297356,8.226461],[124.297495,8.224975],[124.296359,8.223759],[124.297616,8.222858],[124.298265,8.220417],[124.298708,8.22005],[124.299826,8.221791],[124.300741,8.221411],[124.300883,8.220155],[124.29941,8.219595],[124.299409,8.218971],[124.301112,8.218622],[124.301451,8.217392],[124.303139,8.217041],[124.303792,8.215595],[124.305632,8.214934],[124.30731,8.210404],[124.3091,8.208914],[124.309574,8.208097],[124.309284,8.206747],[124.310165,8.20592],[124.307672,8.203981],[124.307532,8.203036],[124.308601,8.201913],[124.307311,8.199011],[124.309796,8.194965],[124.308778,8.192786],[124.307961,8.19238],[124.308098,8.191096],[124.308728,8.189242],[124.310887,8.187526],[124.31083,8.186081],[124.311311,8.186026],[124.310092,8.184285],[124.30986,8.185127],[124.30855,8.184697],[124.309374,8.183367],[124.308214,8.182658],[124.309097,8.180486],[124.308187,8.179291],[124.310236,8.177924],[124.310139,8.176143],[124.312293,8.175254],[124.29833,8.162336],[124.286589,8.168442],[124.275099,8.16963],[124.271369,8.175376],[124.2653,8.182411],[124.256517,8.179256],[124.25941,8.166753],[124.243015,8.164815],[124.235875,8.16335],[124.237738,8.159451],[124.241804,8.155986],[124.243401,8.156124],[124.243991,8.15472],[124.236169,8.151112],[124.226062,8.148919],[124.225907,8.159164],[124.217129,8.158952],[124.217026,8.162785],[124.215098,8.165818],[124.216231,8.16955],[124.21499,8.170968],[124.214907,8.17339],[124.207303,8.179472],[124.201576,8.178839],[124.197079,8.179492],[124.197375,8.17805],[124.195274,8.176119],[124.1958,8.174263],[124.199102,8.17361],[124.200275,8.165597],[124.199686,8.161792],[124.201219,8.160497],[124.203097,8.155794],[124.202505,8.154008],[124.199741,8.152724],[124.198839,8.150752],[124.198448,8.151963],[124.197167,8.152471],[124.19769,8.154088],[124.19518,8.157835],[124.193172,8.15813],[124.191767,8.156852],[124.190979,8.156865],[124.189956,8.158287],[124.190347,8.159691],[124.186962,8.159898],[124.186111,8.159054],[124.184578,8.160026],[124.182066,8.163123],[124.178101,8.162946],[124.176996,8.164009],[124.174555,8.16438],[124.175322,8.166582],[124.17506,8.168249],[124.172017,8.167532],[124.171228,8.168106],[124.171221,8.170494],[124.168793,8.172085],[124.168722,8.175389],[124.166694,8.177043],[124.165398,8.179797],[124.165515,8.18384],[124.166467,8.186181],[124.168377,8.187943],[124.172608,8.188932],[124.172691,8.189502],[124.176538,8.191634],[124.179268,8.191904],[124.183207,8.19399],[124.185005,8.195837],[124.182837,8.198021],[124.183079,8.198229],[124.183538,8.197627],[124.185215,8.198379],[124.186836,8.197716],[124.188168,8.198225],[124.189171,8.195826],[124.189909,8.196196],[124.190065,8.197436],[124.200178,8.204547],[124.200385,8.205837],[124.199581,8.206493],[124.198781,8.206228],[124.199397,8.206627],[124.199009,8.206746],[124.198928,8.207136],[124.199431,8.206652],[124.20089,8.207722],[124.200533,8.208727],[124.201352,8.208117],[124.201491,8.209802],[124.2022,8.210495],[124.203289,8.20994],[124.204268,8.210523],[124.207122,8.210264],[124.21491,8.212411],[124.215628,8.210115],[124.21731,8.21032],[124.216965,8.212253],[124.217545,8.210346],[124.218701,8.209266],[124.219903,8.210153],[124.21964,8.210887],[124.219933,8.210163],[124.221915,8.211099],[124.226496,8.215773],[124.22987,8.217552],[124.232018,8.220274],[124.232143,8.222497],[124.231564,8.22284],[124.23241,8.224573],[124.232243,8.226539],[124.232688,8.227279],[124.23333,8.227442],[124.232404,8.226591],[124.232551,8.225949],[124.234413,8.22765],[124.23291,8.228183],[124.233358,8.230345],[124.231729,8.231398],[124.232661,8.231268],[124.232155,8.232241],[124.233637,8.235124],[124.234823,8.23464],[124.236483,8.23562],[124.237871,8.237337],[124.238309,8.237166],[124.238574,8.238511],[124.240543,8.240875],[124.240759,8.242823],[124.242138,8.244918],[124.242909,8.247711],[124.243354,8.251199],[124.24656,8.253637],[124.245323,8.255377],[124.244606,8.25481],[124.245344,8.255929],[124.244559,8.256735],[124.246571,8.258834],[124.24767,8.261655],[124.248903,8.26305],[124.248606,8.264214],[124.250808,8.265842],[124.252058,8.264577],[124.253898,8.267276],[124.255441,8.267545],[124.257246,8.268895],[124.258357,8.270155],[124.257786,8.270912],[124.258608,8.270505],[124.260109,8.27203],[124.259288,8.272983],[124.259962,8.27234],[124.260498,8.27278],[124.263136,8.275946],[124.264189,8.279057],[124.264547,8.27884],[124.264103,8.28083],[124.262952,8.280986],[124.262843,8.281115],[124.264114,8.280855],[124.263464,8.281838],[124.264316,8.281652],[124.264506,8.28278],[124.262607,8.286281],[124.26207,8.286537],[124.261886,8.28628],[124.262061,8.286134],[124.261942,8.286052],[124.261173,8.287548],[124.25929,8.287347],[124.257757,8.288307],[124.257151,8.288076],[124.257226,8.291253],[124.256514,8.29396],[124.254365,8.297529],[124.254064,8.302507],[124.254863,8.304123],[124.252637,8.30892],[124.251961,8.308855],[124.252776,8.309862],[124.251941,8.311265],[124.251133,8.31127],[124.252417,8.311778],[124.251843,8.311752],[124.251044,8.313255],[124.250697,8.315213],[124.246326,8.323332],[124.245934,8.327926],[124.24687,8.330324],[124.245703,8.33017],[124.24677,8.330535],[124.247202,8.331935],[124.260557,8.329053],[124.286435,8.330001],[124.290381,8.321907],[124.303433,8.311832],[124.309148,8.315188],[124.317816,8.323534],[124.327932,8.327967],[124.346453,8.323415],[124.359049,8.31671],[124.366374,8.314602],[124.369795,8.320254]]]}},
{"type":"Feature","properties":{"fid":11,"City_Name":"Cagayan de Oro City (Capital)","City_PSGC_Code":"1030500000","Province_Name":"Misamis Oriental","Province_PSGC_Code":"1004300000","Region_Name":"Region X (Northern Mindanao)","Region_PSGC_Code":"1000000000","AREA_SQKM":506.629964636},"geometry":{"type":"Polygon","coordinates":[[[124.752446,8.511132],[124.755464,8.513243],[124.756748,8.513131],[124.756604,8.51108],[124.758106,8.510744],[124.758784,8.509004],[124.76163,8.510653],[124.762539,8.508643],[124.76587,8.511314],[124.772509,8.514257],[124.774755,8.513996],[124.776374,8.512063],[124.77829,8.512878],[124.780152,8.512169],[124.78084,8.513003],[124.782276,8.513317],[124.784366,8.512115],[124.786079,8.512226],[124.786813,8.513155],[124.788399,8.513485],[124.788579,8.51204],[124.791155,8.511004],[124.79237,8.50907],[124.793731,8.508704],[124.794581,8.507689],[124.796166,8.507613],[124.794878,8.506798],[124.795008,8.505267],[124.795576,8.503086],[124.796965,8.502225],[124.795508,8.500223],[124.798212,8.499079],[124.797741,8.498097],[124.799006,8.496398],[124.784661,8.480697],[124.796067,8.47294],[124.802946,8.464117],[124.793806,8.455684],[124.798396,8.446197],[124.795749,8.444619],[124.788889,8.442749],[124.788722,8.438063],[124.789787,8.431225],[124.790196,8.430406],[124.793766,8.429008],[124.79185,8.425547],[124.771013,8.421981],[124.745342,8.421932],[124.627875,8.417815],[124.621141,8.422496],[124.619902,8.423],[124.619009,8.422482],[124.617886,8.420941],[124.618044,8.420047],[124.6197,8.416849],[124.619869,8.414754],[124.621617,8.413681],[124.622197,8.412387],[124.619389,8.408567],[124.619084,8.407279],[124.620072,8.404605],[124.622056,8.404901],[124.623213,8.404194],[124.623442,8.400557],[124.621945,8.399696],[124.619883,8.400918],[124.616409,8.401479],[124.615319,8.401012],[124.613872,8.398917],[124.613172,8.39698],[124.613332,8.388649],[124.610685,8.37927],[124.613292,8.373846],[124.611238,8.371571],[124.611364,8.369695],[124.617086,8.367641],[124.617378,8.36689],[124.616657,8.364196],[124.614239,8.361743],[124.610011,8.36339],[124.607391,8.361692],[124.606339,8.358203],[124.6077,8.356714],[124.606305,8.350233],[124.609557,8.346574],[124.609572,8.344933],[124.60838,8.342888],[124.605296,8.341248],[124.604253,8.340996],[124.601933,8.342325],[124.600782,8.340818],[124.600797,8.335883],[124.603872,8.334963],[124.603793,8.333762],[124.601795,8.331625],[124.601898,8.329131],[124.60321,8.328202],[124.604315,8.329198],[124.606052,8.328343],[124.604672,8.325521],[124.604522,8.319956],[124.601905,8.314837],[124.601385,8.311273],[124.605839,8.307732],[124.606691,8.306617],[124.606852,8.304296],[124.605192,8.302409],[124.603093,8.301885],[124.60157,8.301814],[124.599869,8.304062],[124.598239,8.304896],[124.595916,8.304529],[124.594908,8.303726],[124.592948,8.298941],[124.594948,8.295257],[124.595373,8.291592],[124.594208,8.289103],[124.592795,8.288361],[124.588596,8.288526],[124.585698,8.289942],[124.583829,8.294689],[124.582547,8.294823],[124.581433,8.293465],[124.580893,8.291825],[124.581781,8.289691],[124.585808,8.287121],[124.586321,8.285064],[124.585991,8.283708],[124.582858,8.279634],[124.582664,8.278174],[124.583387,8.277429],[124.586797,8.277638],[124.587787,8.276428],[124.584149,8.270797],[124.583274,8.266757],[124.585191,8.263093],[124.584889,8.26166],[124.58035,8.261425],[124.579156,8.259302],[124.579641,8.257031],[124.582497,8.254239],[124.582904,8.252507],[124.58215,8.251731],[124.579792,8.251286],[124.578186,8.249551],[124.577521,8.247725],[124.578352,8.243556],[124.573795,8.240766],[124.573518,8.239031],[124.57204,8.237709],[124.572147,8.230925],[124.571185,8.230501],[124.569964,8.23137],[124.569259,8.230099],[124.569517,8.228723],[124.565333,8.227607],[124.566275,8.224752],[124.564502,8.220771],[124.564717,8.219819],[124.570749,8.215954],[124.571496,8.213461],[124.569775,8.210387],[124.566841,8.209588],[124.565908,8.20637],[124.566079,8.203498],[124.567556,8.202758],[124.57086,8.205828],[124.571395,8.206125],[124.572294,8.205511],[124.572445,8.198494],[124.57082,8.1968],[124.570947,8.195935],[124.572018,8.195236],[124.576196,8.194635],[124.57718,8.193365],[124.577737,8.190735],[124.576796,8.188999],[124.575104,8.192789],[124.573735,8.192683],[124.572089,8.191073],[124.571317,8.188149],[124.571576,8.18637],[124.573353,8.184974],[124.577457,8.18544],[124.578462,8.183433],[124.579983,8.182108],[124.577584,8.18021],[124.577785,8.178596],[124.575468,8.175111],[124.57187,8.174132],[124.56984,8.163677],[124.567482,8.162528],[124.567055,8.160146],[124.566106,8.160824],[124.535697,8.16057],[124.520112,8.172481],[124.515073,8.194448],[124.510086,8.226182],[124.507034,8.239916],[124.477457,8.304272],[124.460709,8.326873],[124.458594,8.32671],[124.457171,8.327808],[124.456805,8.328581],[124.457293,8.329964],[124.459855,8.332079],[124.460221,8.333218],[124.458915,8.335722],[124.456001,8.336862],[124.455703,8.337892],[124.457833,8.338648],[124.458497,8.339701],[124.460283,8.339174],[124.461061,8.339655],[124.461588,8.340594],[124.460847,8.342523],[124.461222,8.34325],[124.464496,8.342563],[124.464588,8.343639],[124.463242,8.345073],[124.464382,8.346181],[124.464885,8.348654],[124.466855,8.348494],[124.470037,8.34554],[124.470633,8.344464],[124.469763,8.342449],[124.470266,8.341418],[124.471113,8.341693],[124.472762,8.344074],[124.473212,8.34716],[124.475221,8.347083],[124.477216,8.348734],[124.477907,8.348626],[124.477863,8.347973],[124.4767,8.345433],[124.476952,8.344856],[124.477821,8.345045],[124.479679,8.347259],[124.482457,8.34572],[124.482839,8.346715],[124.482058,8.348519],[124.483698,8.349258],[124.483708,8.352946],[124.484795,8.353476],[124.485706,8.352561],[124.48624,8.348824],[124.487126,8.348438],[124.490219,8.35493],[124.487804,8.353694],[124.486233,8.354074],[124.485986,8.354931],[124.48984,8.360407],[124.491262,8.360324],[124.491393,8.358878],[124.493649,8.357336],[124.495829,8.358177],[124.49884,8.357151],[124.500326,8.357797],[124.500288,8.358981],[124.499295,8.359472],[124.498587,8.361461],[124.496098,8.361228],[124.495633,8.364331],[124.494639,8.36565],[124.492005,8.365788],[124.491164,8.366695],[124.491291,8.367376],[124.49452,8.367417],[124.496141,8.368878],[124.499232,8.368372],[124.500429,8.369125],[124.501354,8.375184],[124.500005,8.375154],[124.497138,8.373102],[124.494894,8.372936],[124.494306,8.374067],[124.495267,8.376011],[124.49786,8.376722],[124.499692,8.380643],[124.500427,8.380958],[124.502201,8.379156],[124.505068,8.377646],[124.5066,8.377578],[124.508003,8.380283],[124.508831,8.380654],[124.512819,8.379305],[124.514984,8.380253],[124.514315,8.382371],[124.512441,8.383596],[124.509234,8.38385],[124.507165,8.387258],[124.507485,8.389483],[124.509942,8.391106],[124.513194,8.391643],[124.514865,8.392645],[124.517108,8.392228],[124.51855,8.392926],[124.517639,8.394808],[124.518522,8.395859],[124.522452,8.395947],[124.524227,8.396881],[124.52445,8.400847],[124.523001,8.402988],[124.522397,8.405856],[124.524058,8.407582],[124.526952,8.409008],[124.528205,8.410571],[124.530368,8.404446],[124.531711,8.404227],[124.534761,8.405974],[124.535548,8.407927],[124.536982,8.408255],[124.538767,8.406153],[124.536552,8.401872],[124.536754,8.401107],[124.537775,8.400903],[124.543601,8.402938],[124.546403,8.408498],[124.547135,8.413643],[124.548141,8.414159],[124.54907,8.413426],[124.549587,8.409309],[124.550869,8.408929],[124.556972,8.41293],[124.556907,8.414158],[124.552083,8.419809],[124.551896,8.421329],[124.547502,8.430518],[124.548304,8.431959],[124.550936,8.433542],[124.55076,8.436356],[124.553202,8.438768],[124.553743,8.441285],[124.556093,8.442935],[124.554773,8.443829],[124.558413,8.44694],[124.557734,8.448828],[124.559458,8.450958],[124.559633,8.452575],[124.55868,8.45377],[124.558748,8.454439],[124.559488,8.454604],[124.558664,8.456723],[124.559145,8.45841],[124.56415,8.461273],[124.565523,8.464095],[124.564867,8.4652],[124.566698,8.465486],[124.565943,8.468205],[124.567141,8.469295],[124.567614,8.471143],[124.568369,8.469463],[124.568758,8.469649],[124.570337,8.472703],[124.569124,8.475812],[124.570528,8.477388],[124.571817,8.477371],[124.573549,8.478441],[124.575258,8.48236],[124.578837,8.482415],[124.582746,8.485608],[124.587199,8.485711],[124.586627,8.486924],[124.586513,8.492781],[124.589756,8.498159],[124.591498,8.502967],[124.593022,8.504618],[124.59577,8.503219],[124.604554,8.503601],[124.604933,8.506198],[124.6084,8.508414],[124.609899,8.510345],[124.612773,8.516942],[124.613102,8.519561],[124.614229,8.520903],[124.613849,8.521212],[124.613505,8.520544],[124.613883,8.52148],[124.617734,8.519478],[124.625378,8.517878],[124.625797,8.516936],[124.630002,8.516876],[124.634526,8.515932],[124.635872,8.514921],[124.639645,8.514739],[124.641033,8.513854],[124.641041,8.512473],[124.646521,8.510248],[124.654098,8.509979],[124.655279,8.507231],[124.655985,8.507188],[124.657059,8.508713],[124.656431,8.506803],[124.657082,8.506436],[124.656993,8.505389],[124.654087,8.5017],[124.656328,8.500884],[124.660488,8.506872],[124.662419,8.507065],[124.663232,8.506172],[124.663227,8.503766],[124.664737,8.501745],[124.663207,8.497145],[124.663357,8.492594],[124.66474,8.490803],[124.662972,8.490056],[124.666587,8.483607],[124.671707,8.481781],[124.677707,8.478368],[124.68255,8.477657],[124.68552,8.477766],[124.689453,8.478933],[124.68949,8.478018],[124.690381,8.477968],[124.691467,8.478663],[124.692063,8.477664],[124.693407,8.477389],[124.695848,8.475311],[124.696743,8.473855],[124.699632,8.472186],[124.702989,8.47285],[124.704319,8.473705],[124.70479,8.473366],[124.706282,8.474786],[124.706938,8.474297],[124.707503,8.475933],[124.708416,8.475264],[124.710322,8.47519],[124.714432,8.476414],[124.714564,8.47743],[124.715361,8.477752],[124.715815,8.476972],[124.716236,8.477653],[124.716709,8.477269],[124.718613,8.478135],[124.723435,8.481015],[124.722878,8.481912],[124.724333,8.482605],[124.724639,8.483694],[124.724081,8.484536],[124.724688,8.483763],[124.725802,8.485196],[124.726108,8.484596],[124.728333,8.485341],[124.729544,8.486188],[124.728979,8.487028],[124.729624,8.486235],[124.740161,8.492269],[124.746869,8.498301],[124.746668,8.499618],[124.747459,8.499498],[124.747684,8.500497],[124.748687,8.501201],[124.748683,8.502543],[124.749315,8.501972],[124.75166,8.503995],[124.752494,8.505236],[124.750897,8.50592],[124.750898,8.508933],[124.751397,8.508408],[124.752446,8.511132]]]}},
{"type":"Feature","properties":{"fid":12,"City_Name":"Davao City","City_PSGC_Code":"1130700000","Province_Name":"Davao del Sur","Province_PSGC_Code":"1102400000","Region_Name":"Region XI (Davao Region)","Region_PSGC_Code":"1100000000","AREA_SQKM":2341.42593985},"geometry":{"type":"Polygon","coordinates":[[[125.543605,7.565447],[125.542586,7.451333],[125.543806,7.425852],[125.547131,7.421107],[125.547635,7.419104],[125.552823,7.414932],[125.557738,7.412269],[125.557841,7.397342],[125.551935,7.400905],[125.546338,7.392154],[125.543694,7.382366],[125.543654,7.373059],[125.541582,7.362852],[125.541339,7.345539],[125.548512,7.34522],[125.547242,7.306185],[125.551273,7.307491],[125.550919,7.299372],[125.55181,7.296638],[125.55204,7.292994],[125.551599,7.283772],[125.552267,7.242436],[125.549175,7.220802],[125.583139,7.223488],[125.582346,7.224868],[125.582778,7.225881],[125.584706,7.225553],[125.590483,7.227377],[125.591817,7.226469],[125.59633,7.227062],[125.599982,7.225033],[125.602439,7.222767],[125.603503,7.222605],[125.605292,7.225654],[125.603773,7.227088],[125.603681,7.22976],[125.604758,7.230312],[125.605352,7.232522],[125.608086,7.235975],[125.610683,7.237011],[125.615807,7.236403],[125.614945,7.238338],[125.616494,7.239081],[125.615853,7.24004],[125.616713,7.240389],[125.615459,7.240984],[125.616272,7.242491],[125.614751,7.243949],[125.61634,7.244607],[125.616083,7.245831],[125.616811,7.247331],[125.616038,7.248893],[125.618539,7.24936],[125.618984,7.252076],[125.620158,7.251737],[125.620977,7.252487],[125.62072,7.254982],[125.6195,7.255616],[125.619458,7.26049],[125.623197,7.264272],[125.627189,7.263978],[125.634459,7.266121],[125.638015,7.266064],[125.646354,7.271208],[125.650131,7.274286],[125.654827,7.276604],[125.653266,7.279629],[125.65823,7.282277],[125.663183,7.281356],[125.663291,7.278439],[125.666439,7.277305],[125.667241,7.276357],[125.663934,7.274144],[125.666058,7.271996],[125.664337,7.269835],[125.666444,7.266667],[125.667961,7.26221],[125.667505,7.26076],[125.665911,7.259373],[125.666645,7.25863],[125.668522,7.258982],[125.669402,7.259989],[125.6695,7.262854],[125.670487,7.262912],[125.67123,7.262384],[125.671385,7.258492],[125.673868,7.258908],[125.674486,7.257445],[125.676325,7.256008],[125.678312,7.25578],[125.679043,7.256439],[125.679043,7.258796],[125.680454,7.262678],[125.680904,7.262641],[125.679998,7.256287],[125.681016,7.25543],[125.680352,7.255596],[125.680088,7.253993],[125.679283,7.252953],[125.678116,7.252687],[125.678203,7.252182],[125.676453,7.252721],[125.675334,7.251797],[125.674702,7.253259],[125.672591,7.252183],[125.671531,7.253033],[125.670807,7.252762],[125.671584,7.251694],[125.670614,7.250634],[125.670057,7.250727],[125.67032,7.251562],[125.669618,7.252673],[125.668296,7.252435],[125.668116,7.251669],[125.669169,7.250406],[125.666728,7.251848],[125.665585,7.251088],[125.664629,7.25161],[125.664375,7.250177],[125.663824,7.252043],[125.662823,7.251524],[125.662395,7.252177],[125.657992,7.25012],[125.655126,7.247215],[125.653584,7.248182],[125.652216,7.244999],[125.650221,7.243747],[125.650699,7.243223],[125.649961,7.242733],[125.649969,7.241603],[125.649364,7.241651],[125.650271,7.241252],[125.649936,7.239984],[125.649371,7.239617],[125.648651,7.240178],[125.647764,7.239547],[125.649087,7.238656],[125.648373,7.238483],[125.647633,7.23669],[125.64823,7.236528],[125.648215,7.2355],[125.649266,7.235349],[125.648609,7.234814],[125.648671,7.234076],[125.649143,7.234432],[125.648628,7.233508],[125.649989,7.231832],[125.651724,7.231272],[125.651769,7.229705],[125.651073,7.229435],[125.651645,7.228601],[125.651277,7.228054],[125.650485,7.228335],[125.650824,7.227627],[125.647696,7.227503],[125.646645,7.225949],[125.647106,7.22545],[125.646685,7.225015],[125.648445,7.224437],[125.647781,7.223246],[125.648571,7.222586],[125.646401,7.222846],[125.646784,7.220783],[125.648072,7.220565],[125.646808,7.220664],[125.646349,7.220518],[125.646205,7.21875],[125.646845,7.218194],[125.645445,7.217307],[125.64574,7.216901],[125.645021,7.216183],[125.64685,7.213726],[125.648762,7.21392],[125.646223,7.212689],[125.647188,7.211999],[125.646426,7.211612],[125.647717,7.211497],[125.646739,7.211355],[125.647341,7.210805],[125.646516,7.210497],[125.649184,7.210602],[125.649013,7.20814],[125.648433,7.207986],[125.650646,7.207428],[125.652132,7.207765],[125.651891,7.20904],[125.652595,7.208407],[125.65275,7.206431],[125.652053,7.207597],[125.649132,7.206991],[125.649245,7.206325],[125.648184,7.205919],[125.648738,7.201589],[125.648224,7.20124],[125.64878,7.20084],[125.648123,7.200634],[125.648883,7.200365],[125.647902,7.199861],[125.648084,7.198251],[125.64869,7.196065],[125.649251,7.195876],[125.64896,7.195466],[125.649619,7.195248],[125.648805,7.194503],[125.649757,7.194388],[125.649045,7.193731],[125.649895,7.192628],[125.64938,7.192402],[125.650274,7.192213],[125.649312,7.191823],[125.65037,7.191913],[125.650596,7.191703],[125.6495,7.191117],[125.650373,7.190385],[125.649819,7.189982],[125.65098,7.189635],[125.650262,7.188612],[125.650765,7.187794],[125.651325,7.187901],[125.650463,7.187205],[125.651617,7.187206],[125.650696,7.186468],[125.651901,7.186418],[125.65123,7.18605],[125.651903,7.186133],[125.651671,7.185799],[125.650743,7.185873],[125.651664,7.185654],[125.651041,7.184934],[125.652011,7.184655],[125.651571,7.18403],[125.653094,7.18244],[125.653097,7.182249],[125.652688,7.182072],[125.652665,7.181952],[125.653094,7.182199],[125.653152,7.181677],[125.653516,7.182501],[125.653131,7.181537],[125.653594,7.181184],[125.655093,7.180763],[125.657427,7.181862],[125.657907,7.181156],[125.657368,7.181546],[125.654945,7.180251],[125.655462,7.178304],[125.654972,7.178003],[125.65632,7.177915],[125.656434,7.177273],[125.657205,7.178207],[125.658401,7.178527],[125.655668,7.175574],[125.657088,7.169264],[125.656347,7.169096],[125.657382,7.168881],[125.659208,7.162014],[125.660069,7.16284],[125.659262,7.161833],[125.660205,7.161135],[125.659498,7.161147],[125.659936,7.160537],[125.659206,7.160333],[125.658908,7.15927],[125.660046,7.157726],[125.659694,7.157166],[125.660308,7.156269],[125.661238,7.157329],[125.662949,7.153202],[125.662326,7.152754],[125.66275,7.150122],[125.661823,7.150091],[125.662052,7.148797],[125.66272,7.148496],[125.662231,7.14817],[125.663,7.14769],[125.662158,7.147294],[125.663085,7.147093],[125.662541,7.146686],[125.66339,7.14594],[125.662798,7.145351],[125.663568,7.144299],[125.662972,7.143494],[125.663579,7.142556],[125.663153,7.142373],[125.663658,7.142306],[125.662842,7.1419],[125.663404,7.14103],[125.662734,7.140945],[125.662398,7.139329],[125.662464,7.137468],[125.663268,7.136837],[125.662495,7.135627],[125.663458,7.134665],[125.663451,7.134526],[125.663185,7.134633],[125.662885,7.134444],[125.663432,7.133168],[125.662734,7.133136],[125.663355,7.132876],[125.662367,7.132438],[125.663423,7.132252],[125.663587,7.131477],[125.662941,7.121592],[125.662774,7.122102],[125.662411,7.121771],[125.661461,7.118696],[125.659649,7.116159],[125.658937,7.11689],[125.658224,7.116261],[125.659263,7.115328],[125.658913,7.114983],[125.658172,7.116036],[125.657762,7.115547],[125.658195,7.114871],[125.65717,7.113967],[125.657585,7.113518],[125.657493,7.113213],[125.657113,7.113477],[125.656318,7.112266],[125.65693,7.111794],[125.656918,7.111737],[125.656297,7.112248],[125.655437,7.111382],[125.655796,7.110649],[125.655277,7.110974],[125.654981,7.110036],[125.65389,7.109459],[125.655049,7.108383],[125.653569,7.109297],[125.65319,7.108427],[125.654365,7.107522],[125.653165,7.108406],[125.651518,7.105928],[125.651225,7.104375],[125.652393,7.103653],[125.651235,7.104328],[125.650241,7.103273],[125.650277,7.102181],[125.651064,7.101579],[125.65017,7.101151],[125.650783,7.100186],[125.649646,7.098274],[125.650024,7.097458],[125.648474,7.096308],[125.649719,7.09608],[125.648724,7.095149],[125.647727,7.09598],[125.642576,7.094266],[125.64091,7.091628],[125.641554,7.090965],[125.640489,7.089744],[125.635007,7.087137],[125.630238,7.085914],[125.629873,7.084921],[125.627506,7.083659],[125.627468,7.082795],[125.628413,7.083394],[125.626727,7.08191],[125.626497,7.080275],[125.626899,7.077562],[125.627796,7.077647],[125.626899,7.077411],[125.627007,7.076115],[125.627956,7.075926],[125.626965,7.07581],[125.625919,7.073629],[125.627192,7.074015],[125.626258,7.071134],[125.621986,7.067535],[125.620412,7.065259],[125.617027,7.06345],[125.613077,7.057217],[125.611874,7.056228],[125.611369,7.050549],[125.612037,7.049303],[125.61028,7.047559],[125.610034,7.046249],[125.608657,7.047114],[125.607526,7.049498],[125.606255,7.049286],[125.607471,7.044871],[125.606885,7.045211],[125.604395,7.044327],[125.600095,7.045038],[125.596377,7.043761],[125.590305,7.04318],[125.588229,7.042614],[125.588308,7.042074],[125.587968,7.043352],[125.587993,7.042632],[125.584591,7.04152],[125.584133,7.042126],[125.584593,7.04068],[125.584336,7.041189],[125.581859,7.040176],[125.581411,7.041042],[125.579956,7.040526],[125.575818,7.035427],[125.576457,7.034334],[125.575692,7.034239],[125.57651,7.033507],[125.575552,7.032784],[125.575322,7.031424],[125.576303,7.027581],[125.576056,7.024642],[125.573966,7.026182],[125.573331,7.028537],[125.573925,7.029804],[125.57345,7.030414],[125.574443,7.030418],[125.574838,7.032203],[125.574345,7.033732],[125.575085,7.038125],[125.57281,7.039963],[125.572189,7.039373],[125.571711,7.039727],[125.571811,7.041135],[125.571065,7.040481],[125.570876,7.041461],[125.567342,7.042634],[125.567256,7.043434],[125.56591,7.043893],[125.565279,7.045731],[125.564057,7.044873],[125.558712,7.046244],[125.550962,7.045794],[125.543678,7.043473],[125.536344,7.039341],[125.534797,7.037463],[125.535383,7.037116],[125.533045,7.035253],[125.532871,7.034699],[125.533598,7.034245],[125.532644,7.032549],[125.531229,7.03169],[125.53161,7.031206],[125.530872,7.031578],[125.524962,7.028229],[125.523063,7.025316],[125.516245,7.018132],[125.515972,7.015716],[125.51679,7.015167],[125.517668,7.015818],[125.517165,7.014879],[125.512891,7.012724],[125.512867,7.012111],[125.511569,7.011562],[125.507077,7.007298],[125.506777,7.006144],[125.507626,7.005708],[125.507855,7.005105],[125.507089,7.00581],[125.505882,7.00346],[125.506457,7.003151],[125.508181,7.004305],[125.505673,7.002477],[125.505247,7.002687],[125.504151,6.998659],[125.489042,6.984361],[125.486207,6.978792],[125.485555,6.972385],[125.484586,6.97017],[125.483854,6.965279],[125.484314,6.963569],[125.48259,6.963567],[125.481798,6.962072],[125.479284,6.961521],[125.476235,6.962179],[125.475537,6.961088],[125.475257,6.9622],[125.473245,6.962742],[125.473052,6.963852],[125.471212,6.963237],[125.469273,6.964452],[125.469241,6.962374],[125.467579,6.960937],[125.465377,6.961611],[125.465445,6.962352],[125.464591,6.962352],[125.464546,6.961858],[125.462704,6.962846],[125.462479,6.961588],[125.460412,6.962487],[125.435549,6.965454],[125.420383,6.970748],[125.418611,6.968091],[125.378113,6.970805],[125.354927,6.974747],[125.272486,6.985104],[125.248624,7.00054],[125.255658,7.007557],[125.255982,7.009015],[125.251448,7.011767],[125.250801,7.013872],[125.251286,7.015653],[125.258411,7.016949],[125.259868,7.018892],[125.260516,7.02213],[125.258411,7.026502],[125.259221,7.029417],[125.261973,7.030874],[125.265697,7.030874],[125.271527,7.028769],[125.274765,7.029093],[125.280109,7.032493],[125.283185,7.032817],[125.285776,7.033951],[125.289176,7.032817],[125.291767,7.034113],[125.292739,7.036056],[125.292253,7.038161],[125.289824,7.042533],[125.289662,7.045285],[125.287395,7.04739],[125.287557,7.049819],[125.289014,7.05241],[125.291281,7.053543],[125.292253,7.059211],[125.289014,7.063583],[125.289824,7.066011],[125.287777,7.071678],[125.288601,7.079055],[125.288372,7.087306],[125.286472,7.09133],[125.287777,7.097519],[125.29163,7.105673],[125.289707,7.110253],[125.288646,7.115206],[125.282149,7.120579],[125.258405,7.147365],[125.256943,7.147274],[125.245671,7.157441],[125.228769,7.175858],[125.226705,7.196063],[125.223472,7.210868],[125.226821,7.219412],[125.227641,7.224333],[125.228872,7.227272],[125.238236,7.233013],[125.239739,7.236021],[125.240262,7.240923],[125.241956,7.246105],[125.248748,7.250939],[125.255211,7.259348],[125.253517,7.275036],[125.24031,7.278891],[125.245565,7.290481],[125.24626,7.295387],[125.243792,7.296542],[125.244335,7.302165],[125.244008,7.307018],[125.242147,7.311104],[125.237981,7.315954],[125.237019,7.318125],[125.236824,7.319785],[125.238989,7.327813],[125.238794,7.329728],[125.237897,7.331196],[125.237635,7.335027],[125.235264,7.338155],[125.22969,7.343005],[125.228342,7.346069],[125.228904,7.355889],[125.22935,7.357231],[125.231203,7.356423],[125.275666,7.374365],[125.273213,7.3769],[125.273154,7.380178],[125.269688,7.381723],[125.266917,7.381121],[125.266669,7.383314],[125.265325,7.38447],[125.264311,7.383232],[125.263144,7.383173],[125.262955,7.381628],[125.260739,7.382206],[125.25963,7.381628],[125.258675,7.382159],[125.259984,7.386085],[125.254654,7.397673],[125.252601,7.40046],[125.249401,7.40038],[125.233383,7.404153],[125.230223,7.411782],[125.24067,7.414059],[125.239685,7.422433],[125.236976,7.425265],[125.235281,7.428663],[125.232504,7.428194],[125.232521,7.438279],[125.231601,7.441591],[125.232107,7.443201],[125.231693,7.445823],[125.233257,7.448307],[125.232439,7.450479],[125.232767,7.456921],[125.230134,7.457015],[125.228036,7.46514],[125.22438,7.470182],[125.224186,7.471523],[125.225847,7.474461],[125.229108,7.477017],[125.230775,7.479554],[125.229346,7.494495],[125.23049,7.50069],[125.257033,7.510498],[125.2636,7.506819],[125.265972,7.544276],[125.265592,7.564791],[125.543605,7.565447]]]}},
{"type":"Feature","properties":{"fid":13,"City_Name":"General Santos City (Dadiangas)","City_PSGC_Code":"1230800000","Province_Name":"South Cotabato","Province_PSGC_Code":"1206300000","Region_Name":"Region XII (Soccsksargen)","Region_PSGC_Code":"1200000000","AREA_SQKM":521.114657143},"geometry":{"type":"Polygon","coordinates":[[[125.269294,6.245874],[125.269538,6.243626],[125.267469,6.240499],[125.267877,6.237339],[125.264316,6.236438],[125.260693,6.233221],[125.25874,6.23238],[125.258675,6.229159],[125.259795,6.228123],[125.259801,6.22731],[125.25596,6.222321],[125.253775,6.221889],[125.253782,6.220887],[125.255619,6.218671],[125.25865,6.218614],[125.259046,6.217576],[125.256929,6.21445],[125.252487,6.213382],[125.252205,6.207665],[125.249304,6.208411],[125.248131,6.208103],[125.249566,6.202656],[125.24706,6.202086],[125.243437,6.198344],[125.242235,6.196306],[125.242078,6.191887],[125.240727,6.190441],[125.237062,6.188532],[125.23669,6.187627],[125.237221,6.185506],[125.240438,6.184577],[125.241214,6.182931],[125.241042,6.180882],[125.238939,6.175902],[125.239013,6.172859],[125.242261,6.172772],[125.242953,6.17169],[125.239006,6.164942],[125.240154,6.161143],[125.239944,6.160403],[125.237272,6.158495],[125.237343,6.155278],[125.236014,6.15357],[125.235434,6.145902],[125.233828,6.14236],[125.234737,6.14086],[125.240126,6.140946],[125.240936,6.139118],[125.239327,6.137644],[125.235166,6.137248],[125.234244,6.136142],[125.237297,6.130161],[125.23653,6.128878],[125.236679,6.127358],[125.239051,6.127179],[125.240062,6.12631],[125.23958,6.12478],[125.237149,6.123202],[125.236688,6.121901],[125.239969,6.118999],[125.240979,6.115854],[125.238189,6.107632],[125.239293,6.103697],[125.239257,6.09924],[125.236954,6.095554],[125.234732,6.094675],[125.234611,6.093989],[125.234253,6.09608],[125.232492,6.097149],[125.22974,6.096941],[125.229032,6.095874],[125.22866,6.096427],[125.228115,6.095982],[125.226646,6.09641],[125.225931,6.095731],[125.22579,6.096187],[125.223115,6.09575],[125.220669,6.098503],[125.217924,6.099393],[125.217142,6.101708],[125.215925,6.102698],[125.215412,6.101875],[125.213202,6.101483],[125.212255,6.101892],[125.211943,6.101417],[125.211341,6.101808],[125.209735,6.100309],[125.208041,6.100992],[125.206448,6.0999],[125.201386,6.098787],[125.195392,6.100157],[125.191027,6.10386],[125.178779,6.10608],[125.170109,6.106297],[125.164561,6.103444],[125.164141,6.102284],[125.161806,6.101049],[125.15842,6.097289],[125.15972,6.095931],[125.160382,6.096275],[125.160962,6.095223],[125.153519,6.091183],[125.15402,6.089812],[125.153099,6.089295],[125.15326,6.088234],[125.154392,6.087895],[125.153771,6.087095],[125.154624,6.08701],[125.153745,6.086464],[125.154021,6.085128],[125.154715,6.08479],[125.15427,6.083807],[125.155732,6.084914],[125.154261,6.082987],[125.154877,6.083097],[125.155423,6.081866],[125.156074,6.082218],[125.155914,6.081395],[125.157334,6.081907],[125.156675,6.081443],[125.157664,6.081491],[125.158056,6.080547],[125.156179,6.08018],[125.157604,6.079616],[125.15644,6.078396],[125.156719,6.077929],[125.156276,6.078179],[125.156468,6.078715],[125.154983,6.078606],[125.156973,6.07663],[125.156252,6.076241],[125.154951,6.077037],[125.154916,6.07598],[125.156008,6.075391],[125.15527,6.075577],[125.155686,6.075044],[125.154022,6.075864],[125.153483,6.07482],[125.154269,6.074125],[125.153505,6.074086],[125.15338,6.073329],[125.154434,6.073187],[125.153518,6.073124],[125.153737,6.072576],[125.156456,6.068925],[125.155865,6.067555],[125.156553,6.066288],[125.153873,6.064542],[125.154275,6.063602],[125.153582,6.06382],[125.153742,6.062836],[125.152956,6.062419],[125.152672,6.06128],[125.150628,6.060253],[125.150408,6.059707],[125.151037,6.059221],[125.15009,6.059415],[125.150034,6.058398],[125.150603,6.058197],[125.149818,6.057971],[125.150769,6.057702],[125.150271,6.057242],[125.150727,6.056787],[125.149689,6.055909],[125.150459,6.055352],[125.148948,6.055549],[125.150176,6.055151],[125.149595,6.054847],[125.150014,6.054582],[125.148767,6.055037],[125.148497,6.054546],[125.1486,6.05383],[125.149663,6.053689],[125.149445,6.052738],[125.148789,6.052822],[125.149747,6.052394],[125.148688,6.051975],[125.149386,6.051491],[125.147919,6.051886],[125.14914,6.05093],[125.14763,6.051302],[125.148591,6.050393],[125.148074,6.049978],[125.147339,6.050378],[125.147038,6.049696],[125.147161,6.048781],[125.148246,6.048722],[125.148562,6.048555],[125.147048,6.048347],[125.148071,6.047687],[125.148322,6.048087],[125.148165,6.046968],[125.147253,6.046617],[125.146811,6.045127],[125.144887,6.044007],[125.145436,6.042929],[125.144474,6.043607],[125.144706,6.042996],[125.143783,6.043401],[125.143762,6.042508],[125.143038,6.042372],[125.143647,6.039723],[125.143003,6.03767],[125.143983,6.036823],[125.144041,6.036456],[125.14304,6.036443],[125.143288,6.03545],[125.144346,6.03598],[125.144464,6.035509],[125.143317,6.035212],[125.143613,6.03407],[125.144792,6.034731],[125.145311,6.034041],[125.143563,6.03358],[125.144252,6.030869],[125.145035,6.030698],[125.144864,6.028624],[125.144487,6.027833],[125.144427,6.029922],[125.143661,6.029842],[125.143686,6.027636],[125.142492,6.025772],[125.143387,6.025631],[125.141911,6.024344],[125.142074,6.022829],[125.141152,6.022612],[125.1422,6.022214],[125.14078,6.022321],[125.142156,6.022005],[125.14144,6.020932],[125.14188,6.019803],[125.13827,6.018445],[125.138286,6.017441],[125.135401,6.01607],[125.131776,6.012621],[125.13117,6.008136],[125.132574,6.007614],[125.131167,6.007993],[125.130757,6.005987],[125.131598,6.005394],[125.130995,6.005606],[125.130046,6.004605],[125.13044,6.004304],[125.129627,6.003577],[125.130332,6.003125],[125.128976,6.003574],[125.130194,6.002755],[125.129377,6.003027],[125.129001,6.001177],[125.12842,6.001018],[125.126631,5.997402],[125.123319,5.995834],[125.12357,5.995286],[125.122984,5.99481],[125.123756,5.994059],[125.123042,5.994418],[125.122358,5.992872],[125.122573,5.993864],[125.121235,5.992445],[125.1224,5.991596],[125.122431,5.991383],[125.121595,5.992088],[125.120482,5.991048],[125.121163,5.990101],[125.120768,5.988781],[125.121586,5.987659],[125.120906,5.984315],[125.116179,5.979949],[125.115264,5.980458],[125.116137,5.979872],[125.114406,5.97864],[125.113752,5.977164],[125.11436,5.974303],[125.114041,5.971674],[125.114826,5.97149],[125.114212,5.971305],[125.114601,5.970403],[125.113598,5.967887],[125.114101,5.967461],[125.112992,5.967482],[125.11404,5.966858],[125.114077,5.966452],[125.112426,5.965931],[125.112099,5.964662],[125.105308,5.958001],[125.103929,5.955319],[125.103473,5.956938],[125.099516,5.959153],[125.097944,5.959238],[125.095201,5.95821],[125.091587,5.95881],[125.088101,5.961895],[125.08713,5.964053],[125.08233,5.965253],[125.080616,5.965167],[125.076259,5.963353],[125.072787,5.961238],[125.067373,5.965253],[125.062314,5.96639],[125.055916,5.961623],[125.056744,6.039972],[125.005445,6.039238],[125.005195,6.062087],[124.99472,6.073861],[124.990866,6.096678],[124.990406,6.141481],[125.003463,6.14184],[125.049148,6.150781],[125.051168,6.152308],[125.055129,6.152239],[125.055129,6.153481],[125.064518,6.152243],[125.069461,6.152604],[125.072958,6.153819],[125.076045,6.156085],[125.078525,6.155592],[125.079034,6.154854],[125.079954,6.156545],[125.081448,6.155987],[125.082351,6.156414],[125.083057,6.155248],[125.087671,6.157382],[125.08887,6.157152],[125.08887,6.155198],[125.089478,6.154197],[125.09025,6.154098],[125.090791,6.154574],[125.090529,6.156479],[125.092499,6.157251],[125.094223,6.156988],[125.096522,6.154673],[125.099363,6.156496],[125.100808,6.156216],[125.103518,6.157202],[125.105751,6.155412],[125.108198,6.156069],[125.108976,6.153896],[125.111342,6.152458],[125.115423,6.153989],[125.120301,6.159096],[125.124472,6.15492],[125.127133,6.157562],[125.128514,6.156221],[125.129705,6.157297],[125.13065,6.156427],[125.139069,6.164708],[125.140094,6.163745],[125.140187,6.169079],[125.1386,6.176068],[125.13998,6.179519],[125.140349,6.184853],[125.138901,6.189114],[125.134793,6.196022],[125.133082,6.203835],[125.127514,6.214036],[125.127195,6.218086],[125.124657,6.227369],[125.12419,6.232721],[125.126556,6.235647],[125.13211,6.237916],[125.132931,6.239226],[125.135061,6.251168],[125.135274,6.255555],[125.132967,6.264904],[125.133066,6.26894],[125.138422,6.281195],[125.142518,6.281334],[125.143869,6.285252],[125.146354,6.288358],[125.15155,6.288802],[125.152923,6.291989],[125.167242,6.291692],[125.18978,6.296627],[125.191128,6.294355],[125.191762,6.29435],[125.192041,6.293464],[125.191429,6.292916],[125.192239,6.292186],[125.194876,6.291863],[125.195279,6.290762],[125.197147,6.289342],[125.198325,6.286841],[125.20041,6.287294],[125.201678,6.286496],[125.201124,6.285246],[125.203929,6.283941],[125.205367,6.282551],[125.207987,6.283715],[125.208148,6.282491],[125.207318,6.282394],[125.208728,6.281226],[125.207818,6.281113],[125.207753,6.280581],[125.211044,6.279456],[125.211659,6.278327],[125.213004,6.277646],[125.212622,6.277015],[125.215669,6.276434],[125.215786,6.27484],[125.216658,6.275222],[125.217156,6.274067],[125.216815,6.272963],[125.218753,6.272521],[125.218265,6.271141],[125.218665,6.270067],[125.246662,6.263597],[125.246418,6.262104],[125.248286,6.260332],[125.248094,6.258609],[125.251015,6.258561],[125.25068,6.255545],[125.252978,6.256406],[125.252738,6.252864],[125.253696,6.250996],[125.252976,6.249897],[125.256462,6.248696],[125.261054,6.248771],[125.262879,6.246444],[125.269294,6.245874]]]}},
{"type":"Feature","properties":{"fid":14,"City_Name":"Baguio City","City_PSGC_Code":"1430300000","Province_Name":"Benguet","Province_PSGC_Code":"1401100000","Region_Name":"Cordillera Administrative Region (CAR)","Region_PSGC_Code":"1400000000","AREA_SQKM":58.0858239625},"geometry":{"type":"Polygon","coordinates":[[[120.629613,16.428606],[120.6332,16.396786],[120.636048,16.38614],[120.633833,16.36538],[120.634211,16.362818],[120.63132,16.362304],[120.628518,16.363139],[120.622508,16.35797],[120.620319,16.357483],[120.612047,16.359142],[120.606366,16.363945],[120.605171,16.364089],[120.605397,16.36638],[120.602699,16.36636],[120.601269,16.365429],[120.598182,16.366759],[120.569534,16.370247],[120.568167,16.371462],[120.568129,16.375499],[120.563999,16.380071],[120.564168,16.390699],[120.567718,16.391794],[120.572945,16.390159],[120.570864,16.392221],[120.571424,16.394148],[120.569193,16.399821],[120.562653,16.402147],[120.561413,16.403131],[120.558261,16.403184],[120.55458,16.405828],[120.554424,16.40625],[120.556926,16.408159],[120.553096,16.413223],[120.551789,16.417681],[120.543784,16.429791],[120.54516,16.434519],[120.565978,16.434367],[120.57723,16.433868],[120.582134,16.432215],[120.595127,16.432696],[120.598421,16.43106],[120.599334,16.431589],[120.602561,16.431412],[120.602541,16.429907],[120.60797,16.431648],[120.614575,16.428565],[120.622435,16.429416],[120.626388,16.42941],[120.629613,16.428606]]]}},
{"type":"Feature","properties":{"fid":15,"City_Name":"Butuan City (Capital)","City_PSGC_Code":"1630400000","Province_Name":"Agusan del Norte","Province_PSGC_Code":"1600200000","Region_Name":"Region XIII (Caraga)","Region_PSGC_Code":"1600000000","AREA_SQKM":649.185218088},"geometry":{"type":"Polygon","coordinates":[[[125.735619,9.04831],[125.701427,8.991433],[125.695877,8.98506],[125.694,8.97897],[125.694346,8.970989],[125.695568,8.969633],[125.698035,8.970187],[125.696989,8.967541],[125.697677,8.966148],[125.696847,8.964888],[125.698363,8.96451],[125.698302,8.961856],[125.700712,8.960083],[125.69886,8.959566],[125.699095,8.957931],[125.697614,8.957575],[125.69711,8.956068],[125.698172,8.955366],[125.699367,8.955888],[125.699888,8.954211],[125.701532,8.954443],[125.700774,8.951795],[125.699953,8.951883],[125.699064,8.953808],[125.698062,8.95157],[125.696926,8.953334],[125.696309,8.953257],[125.696212,8.951216],[125.695512,8.950895],[125.694614,8.951677],[125.695527,8.952936],[125.694459,8.952903],[125.691682,8.94933],[125.692252,8.948755],[125.694806,8.949838],[125.695502,8.949588],[125.696107,8.948155],[125.69593,8.946401],[125.694094,8.948007],[125.69371,8.946009],[125.691771,8.944676],[125.692897,8.947117],[125.688988,8.94588],[125.688696,8.94531],[125.69074,8.944153],[125.689418,8.942978],[125.688763,8.943269],[125.688323,8.944823],[125.686025,8.944962],[125.685735,8.944597],[125.687683,8.941521],[125.685955,8.941125],[125.684775,8.942522],[125.683462,8.942613],[125.681797,8.939522],[125.680496,8.941369],[125.679822,8.939006],[125.678918,8.938849],[125.67802,8.93955],[125.67838,8.938241],[125.677882,8.93755],[125.675791,8.938014],[125.676015,8.940585],[125.675246,8.942101],[125.672485,8.940692],[125.672434,8.939263],[125.671524,8.938331],[125.669395,8.939245],[125.666809,8.939304],[125.665655,8.938618],[125.665522,8.937272],[125.663144,8.937779],[125.663258,8.936513],[125.664563,8.935319],[125.662835,8.934842],[125.661508,8.933055],[125.662594,8.929807],[125.658471,8.927522],[125.659059,8.926494],[125.662222,8.924506],[125.661847,8.923198],[125.661324,8.922826],[125.659991,8.924144],[125.66046,8.921881],[125.659571,8.922182],[125.6552,8.920912],[125.654587,8.919917],[125.654897,8.919415],[125.656669,8.919706],[125.657212,8.919125],[125.656723,8.916029],[125.649291,8.911353],[125.635987,8.89758],[125.634282,8.889506],[125.638761,8.847521],[125.648829,8.847347],[125.649612,8.838328],[125.648152,8.831855],[125.648286,8.821017],[125.658706,8.77393],[125.637219,8.774921],[125.638301,8.773958],[125.637655,8.772722],[125.638413,8.7715],[125.640936,8.769885],[125.642191,8.758918],[125.632582,8.758862],[125.628978,8.754002],[125.626302,8.752145],[125.620185,8.750616],[125.617442,8.749243],[125.560177,8.74869],[125.503611,8.750814],[125.495231,8.788382],[125.490487,8.796025],[125.482844,8.804458],[125.466807,8.815768],[125.466859,8.849236],[125.461315,8.952484],[125.463834,8.952604],[125.470025,8.966781],[125.473445,8.994686],[125.479328,8.996893],[125.490781,9.003902],[125.491033,9.003006],[125.48984,9.002614],[125.489956,9.001508],[125.491896,9.001949],[125.503223,9.010535],[125.502459,9.011687],[125.502666,9.012437],[125.502058,9.012428],[125.502955,9.012578],[125.504535,9.010466],[125.508244,9.011493],[125.510523,9.010293],[125.51087,9.009155],[125.51144,9.009428],[125.511653,9.008829],[125.513243,9.00997],[125.514571,9.009851],[125.515056,9.010231],[125.514708,9.010714],[125.515568,9.011199],[125.515976,9.010587],[125.518845,9.010535],[125.521699,9.007975],[125.522451,9.009277],[125.524699,9.00598],[125.528606,8.996418],[125.57107,8.996418],[125.571208,9.034259],[125.578955,9.03537],[125.579321,9.04315],[125.584302,9.043461],[125.596283,9.049048],[125.599536,9.047692],[125.601248,9.048396],[125.604604,9.048343],[125.604822,9.046542],[125.67608,9.046369],[125.735619,9.04831]]]}},
{"type":"Feature","properties":{"fid":16,"City_Name":"Puerto Princesa City (Capital)","City_PSGC_Code":"1731500000","Province_Name":"Palawan","Province_PSGC_Code":"1705300000","Region_Name":"Mimaropa Region","Region_PSGC_Code":"1700000000","AREA_SQKM":2168.61662758},"geometry":{"type":"MultiPolygon","coordinates":[[[[119.061352,10.232228],[119.158582,10.120523],[119.140846,10.041213],[119.136041,10.025205],[119.133574,10.025531],[119.131764,10.024179],[119.128828,10.025482],[119.127528,10.025099],[119.126184,10.025573],[119.124394,10.024928],[119.123631,10.02524],[119.124479,10.02634],[119.123862,10.026351],[119.122954,10.025219],[119.119232,10.024096],[119.119217,10.022772],[119.118177,10.022947],[119.115984,10.021686],[119.113671,10.022974],[119.110817,10.022458],[119.107962,10.023568],[119.105041,10.022932],[119.100629,10.020588],[119.094684,10.020677],[119.092051,10.021305],[119.089233,10.020888],[119.08523,10.0185],[119.078403,10.018437],[119.075034,10.016023],[119.073568,10.015974],[119.07219,10.013955],[119.072171,10.012651],[119.071149,10.01214],[119.066848,10.013001],[119.064365,10.01188],[119.062547,10.009567],[119.060732,10.008995],[119.049563,10.008937],[119.047481,10.00795],[119.044471,10.007856],[119.04114,10.006595],[119.039736,10.006843],[119.035663,10.005113],[119.030318,10.004182],[119.027244,10.00256],[119.024651,9.999429],[119.023865,9.999734],[119.023357,9.998554],[119.019573,9.997756],[119.016802,9.995589],[119.015579,9.995954],[119.015019,9.997261],[119.013501,9.998087],[119.008438,9.99817],[119.005242,9.996484],[119.003066,9.997238],[119.000117,9.996056],[118.999365,9.994953],[118.998765,9.995243],[118.99643,9.992985],[118.995562,9.993148],[118.993389,9.991885],[118.99281,9.992405],[118.992654,9.991385],[118.992003,9.991932],[118.991171,9.991343],[118.987877,9.991796],[118.983832,9.986247],[118.980411,9.986807],[118.977549,9.985609],[118.974969,9.985467],[118.972334,9.983986],[118.97207,9.984477],[118.971841,9.983907],[118.971631,9.984504],[118.969149,9.985382],[118.962247,9.983204],[118.959755,9.98367],[118.959262,9.9844],[118.955087,9.983544],[118.952441,9.984671],[118.947025,9.982116],[118.945083,9.979987],[118.943942,9.979744],[118.944143,9.979291],[118.943561,9.979555],[118.939233,9.977979],[118.938755,9.978465],[118.937257,9.978079],[118.931639,9.978901],[118.928764,9.978255],[118.924918,9.980102],[118.920728,9.978875],[118.919327,9.979189],[118.919569,9.978326],[118.918721,9.977988],[118.918139,9.976525],[118.914325,9.97626],[118.913667,9.974931],[118.910433,9.975048],[118.909321,9.975748],[118.905128,9.975044],[118.900618,9.975677],[118.899901,9.974692],[118.898288,9.976792],[118.898441,9.977615],[118.899317,9.977946],[118.89722,9.979463],[118.895125,9.980058],[118.895119,9.981677],[118.894354,9.981966],[118.894233,9.978542],[118.892684,9.978544],[118.892861,9.977987],[118.891568,9.980006],[118.886088,9.980939],[118.882056,9.981393],[118.875942,9.980063],[118.868927,9.977759],[118.869064,9.978244],[118.866177,9.977498],[118.859695,9.974817],[118.85944,9.975194],[118.850416,9.969809],[118.841775,9.962149],[118.834883,9.953876],[118.834035,9.952396],[118.834222,9.951233],[118.832872,9.949727],[118.831538,9.949214],[118.830495,9.949902],[118.830693,9.950833],[118.829877,9.950188],[118.830836,9.948848],[118.830748,9.947905],[118.825855,9.944435],[118.825723,9.943444],[118.823534,9.941048],[118.823222,9.938653],[118.822451,9.938044],[118.821851,9.938502],[118.82193,9.938064],[118.819618,9.937247],[118.817679,9.93762],[118.812569,9.937048],[118.812221,9.937611],[118.813198,9.937659],[118.813125,9.937796],[118.810098,9.937223],[118.809867,9.938388],[118.809273,9.937422],[118.807695,9.937138],[118.808171,9.935885],[118.806018,9.935586],[118.805015,9.936878],[118.803955,9.936748],[118.802525,9.93485],[118.800938,9.936948],[118.801438,9.938294],[118.798072,9.939605],[118.796751,9.942273],[118.794538,9.943553],[118.79421,9.945474],[118.793187,9.9445],[118.791438,9.944879],[118.786683,9.943136],[118.78501,9.943154],[118.783215,9.941582],[118.782095,9.941934],[118.77868,9.940413],[118.778651,9.939656],[118.777811,9.939196],[118.776605,9.938785],[118.774768,9.939197],[118.77421,9.938833],[118.774557,9.937995],[118.772639,9.939514],[118.772482,9.938329],[118.773685,9.936686],[118.773973,9.932965],[118.772674,9.930598],[118.771731,9.930254],[118.771972,9.929691],[118.769441,9.929106],[118.764888,9.931464],[118.763522,9.930304],[118.764017,9.929213],[118.763455,9.92902],[118.763946,9.928731],[118.76344,9.928149],[118.763959,9.927521],[118.762986,9.926954],[118.763812,9.926155],[118.763086,9.924514],[118.762347,9.924242],[118.763754,9.921647],[118.764423,9.916644],[118.765493,9.914978],[118.76454,9.912952],[118.763201,9.913392],[118.763108,9.915356],[118.761673,9.916226],[118.762727,9.918234],[118.761999,9.920609],[118.759347,9.923951],[118.758516,9.924043],[118.758668,9.926389],[118.757285,9.927913],[118.757939,9.929589],[118.757819,9.931917],[118.758375,9.932084],[118.756923,9.9326],[118.756841,9.931459],[118.755279,9.930367],[118.753439,9.930827],[118.752426,9.929111],[118.749576,9.928837],[118.751583,9.924513],[118.751145,9.92037],[118.748548,9.914843],[118.745812,9.911967],[118.744501,9.908345],[118.745106,9.906702],[118.744349,9.905521],[118.744641,9.903556],[118.741044,9.896529],[118.741778,9.896127],[118.742522,9.896716],[118.743997,9.896561],[118.745777,9.895562],[118.745882,9.894752],[118.745206,9.894992],[118.745604,9.894312],[118.744742,9.89318],[118.744886,9.887841],[118.747033,9.884562],[118.747407,9.882552],[118.74706,9.881865],[118.74641,9.882061],[118.746654,9.881346],[118.746125,9.880986],[118.746277,9.877534],[118.745511,9.876879],[118.745283,9.870564],[118.744717,9.86985],[118.748208,9.868523],[118.748039,9.867936],[118.747701,9.86863],[118.744886,9.869273],[118.743169,9.866326],[118.744505,9.863492],[118.745344,9.863692],[118.743602,9.862286],[118.745925,9.858711],[118.744668,9.855559],[118.743835,9.855678],[118.744653,9.849106],[118.743731,9.84661],[118.741743,9.84435],[118.74234,9.843213],[118.746046,9.844226],[118.746492,9.843779],[118.743645,9.843046],[118.741812,9.841259],[118.742759,9.83795],[118.745879,9.837741],[118.74612,9.836658],[118.747186,9.836252],[118.751253,9.830885],[118.753494,9.829537],[118.753699,9.828651],[118.754533,9.829058],[118.75579,9.827442],[118.756342,9.827589],[118.755772,9.8274],[118.756957,9.825137],[118.754295,9.821614],[118.753863,9.81914],[118.754445,9.818223],[118.753941,9.8173],[118.755389,9.816821],[118.754849,9.815081],[118.755932,9.815725],[118.755925,9.814898],[118.756953,9.814584],[118.757044,9.815292],[118.759122,9.816631],[118.761617,9.816465],[118.762531,9.81582],[118.763742,9.816331],[118.765856,9.814093],[118.764964,9.811585],[118.76688,9.812624],[118.769283,9.811193],[118.770604,9.807496],[118.771121,9.807794],[118.771978,9.806019],[118.77123,9.805103],[118.773025,9.802013],[118.773134,9.798577],[118.7738,9.798244],[118.774618,9.794147],[118.773362,9.792409],[118.773686,9.79191],[118.772222,9.79081],[118.772299,9.789452],[118.772777,9.79003],[118.773158,9.788707],[118.773292,9.786081],[118.772823,9.785513],[118.773991,9.784149],[118.773792,9.780518],[118.773438,9.780092],[118.773141,9.780865],[118.772491,9.779997],[118.773044,9.77961],[118.772268,9.776663],[118.772943,9.776076],[118.773928,9.776869],[118.77444,9.774902],[118.773743,9.771439],[118.772583,9.769985],[118.772942,9.768522],[118.771958,9.767997],[118.773239,9.756867],[118.772393,9.749616],[118.772473,9.748799],[118.773102,9.748698],[118.773136,9.748589],[118.772294,9.748645],[118.772841,9.748344],[118.772385,9.748148],[118.772219,9.738381],[118.772927,9.735919],[118.772555,9.734877],[118.773121,9.734809],[118.772433,9.732688],[118.773687,9.731995],[118.773226,9.731842],[118.773275,9.730463],[118.771947,9.730426],[118.772627,9.72954],[118.772727,9.729835],[118.773049,9.729819],[118.772686,9.728743],[118.771845,9.728125],[118.771019,9.725724],[118.770158,9.72524],[118.77086,9.724854],[118.769795,9.724739],[118.769653,9.724157],[118.770443,9.723776],[118.769957,9.72249],[118.768365,9.721413],[118.766507,9.722011],[118.766443,9.721297],[118.766299,9.722029],[118.76593,9.721761],[118.763483,9.723416],[118.762516,9.722319],[118.762924,9.72346],[118.76203,9.723219],[118.761469,9.723902],[118.759668,9.723318],[118.759102,9.724177],[118.758334,9.724006],[118.757912,9.725349],[118.757644,9.724732],[118.757803,9.725684],[118.756501,9.725284],[118.756552,9.727061],[118.754937,9.727425],[118.754676,9.728567],[118.75323,9.727591],[118.750113,9.727463],[118.748668,9.728149],[118.749134,9.72858],[118.748219,9.728514],[118.747797,9.729436],[118.74708,9.728752],[118.746719,9.729173],[118.744654,9.728579],[118.744497,9.727733],[118.744309,9.728503],[118.741882,9.72917],[118.741158,9.728831],[118.740353,9.729661],[118.738307,9.729434],[118.737529,9.73018],[118.737376,9.729287],[118.737181,9.729279],[118.737357,9.730324],[118.736662,9.729378],[118.73589,9.731003],[118.735603,9.730279],[118.734987,9.730718],[118.734728,9.72991],[118.734269,9.730235],[118.733719,9.729596],[118.732423,9.73006],[118.733398,9.731238],[118.731432,9.731656],[118.731991,9.732291],[118.731866,9.733712],[118.731237,9.73368],[118.731851,9.733917],[118.731415,9.734115],[118.731972,9.734363],[118.731361,9.734389],[118.731723,9.734944],[118.730473,9.735595],[118.730562,9.73672],[118.729556,9.738619],[118.72775,9.739815],[118.727501,9.741955],[118.727011,9.742338],[118.726267,9.741708],[118.728703,9.744698],[118.728146,9.743735],[118.728883,9.743113],[118.729904,9.743658],[118.729885,9.744255],[118.735838,9.744404],[118.735859,9.744949],[118.735953,9.744395],[118.737148,9.744584],[118.737463,9.745766],[118.736042,9.7489],[118.736949,9.749351],[118.737234,9.750389],[118.738002,9.750439],[118.738251,9.751702],[118.73863,9.751441],[118.739611,9.751729],[118.736862,9.753363],[118.736802,9.753889],[118.738414,9.754102],[118.738891,9.755073],[118.737531,9.755663],[118.737651,9.75658],[118.736571,9.758121],[118.735469,9.75727],[118.735478,9.75862],[118.733172,9.762049],[118.733697,9.76437],[118.734891,9.764193],[118.735925,9.765391],[118.734796,9.770006],[118.735747,9.773528],[118.735185,9.774388],[118.73574,9.774987],[118.735163,9.775397],[118.732883,9.774199],[118.732462,9.776378],[118.731676,9.776552],[118.731261,9.777489],[118.730623,9.777303],[118.729867,9.774234],[118.730007,9.773283],[118.730545,9.773253],[118.727515,9.770259],[118.727473,9.769084],[118.728183,9.769129],[118.728176,9.76899],[118.727499,9.769047],[118.727324,9.768407],[118.725942,9.768792],[118.725973,9.767032],[118.725415,9.766539],[118.725308,9.768241],[118.72446,9.76938],[118.724834,9.770127],[118.725787,9.770033],[118.725042,9.770178],[118.725532,9.770284],[118.725084,9.770762],[118.72541,9.771821],[118.724468,9.771264],[118.722188,9.772903],[118.722402,9.77374],[118.724356,9.774705],[118.724108,9.775378],[118.724489,9.774911],[118.725602,9.775706],[118.724177,9.776048],[118.725008,9.777009],[118.724243,9.777553],[118.724027,9.77559],[118.723496,9.776367],[118.724057,9.777592],[118.723811,9.781547],[118.725467,9.782233],[118.724393,9.783141],[118.723188,9.781292],[118.722558,9.781274],[118.722534,9.782667],[118.721889,9.781688],[118.720912,9.782464],[118.719869,9.786167],[118.721749,9.787917],[118.720938,9.788676],[118.718895,9.787552],[118.718078,9.788387],[118.717563,9.787029],[118.717067,9.782526],[118.717605,9.782444],[118.719458,9.778505],[118.71874,9.777064],[118.717905,9.777037],[118.718296,9.776191],[118.716865,9.774257],[118.715252,9.774172],[118.71611,9.77113],[118.714571,9.770619],[118.712899,9.771415],[118.708742,9.774275],[118.708538,9.775102],[118.707369,9.774831],[118.70756,9.776335],[118.706455,9.775383],[118.705588,9.777538],[118.704186,9.776125],[118.70268,9.777079],[118.702279,9.776777],[118.702434,9.774978],[118.700373,9.772107],[118.699846,9.774491],[118.697875,9.777326],[118.696686,9.774096],[118.695204,9.774884],[118.69558,9.773744],[118.692583,9.770243],[118.691286,9.769979],[118.691914,9.767558],[118.691206,9.763757],[118.69058,9.763196],[118.69173,9.763178],[118.692431,9.762405],[118.692491,9.759986],[118.691321,9.758327],[118.690168,9.75836],[118.691863,9.757736],[118.692719,9.753961],[118.692543,9.751257],[118.69101,9.750553],[118.693115,9.750513],[118.693177,9.747599],[118.694214,9.747109],[118.695193,9.74544],[118.695708,9.745928],[118.695755,9.745003],[118.69716,9.743903],[118.699148,9.739974],[118.699057,9.738086],[118.700112,9.737014],[118.699255,9.736332],[118.698128,9.737324],[118.69622,9.737083],[118.695971,9.73637],[118.697878,9.735243],[118.700047,9.73274],[118.700665,9.728784],[118.698982,9.725933],[118.695434,9.724282],[118.694511,9.723254],[118.693241,9.723212],[118.693186,9.722689],[118.695027,9.722394],[118.694561,9.720757],[118.696142,9.719783],[118.69701,9.717155],[118.695021,9.712349],[118.694191,9.711751],[118.696215,9.711725],[118.699295,9.708849],[118.701033,9.709357],[118.701616,9.708771],[118.701083,9.707718],[118.702242,9.708581],[118.703674,9.707946],[118.70789,9.70814],[118.711748,9.710102],[118.711447,9.708347],[118.712197,9.707219],[118.715565,9.708993],[118.717712,9.712118],[118.719587,9.712204],[118.722422,9.711772],[118.722724,9.710589],[118.724179,9.709702],[118.724311,9.708244],[118.726768,9.708881],[118.727745,9.708282],[118.729205,9.708543],[118.728892,9.707341],[118.726011,9.704886],[118.723936,9.706036],[118.722783,9.705774],[118.722591,9.704919],[118.720903,9.703906],[118.72037,9.701085],[118.721324,9.699711],[118.719469,9.699214],[118.718387,9.697697],[118.718696,9.695487],[118.717611,9.694646],[118.714914,9.694503],[118.714113,9.69557],[118.715216,9.693654],[118.711299,9.689668],[118.710179,9.689365],[118.709005,9.690198],[118.708088,9.689586],[118.707197,9.690365],[118.705978,9.688624],[118.706596,9.684001],[118.704789,9.679573],[118.705612,9.680713],[118.707651,9.680647],[118.708529,9.682608],[118.711161,9.684712],[118.711253,9.685951],[118.712015,9.686448],[118.713745,9.685033],[118.713172,9.683445],[118.713879,9.682733],[118.713669,9.681469],[118.714509,9.682623],[118.716846,9.683089],[118.717236,9.684466],[118.720677,9.684459],[118.719931,9.685629],[118.720907,9.691693],[118.721812,9.692036],[118.722891,9.690923],[118.723741,9.693277],[118.723586,9.694671],[118.726089,9.695314],[118.729336,9.697163],[118.729304,9.699098],[118.73124,9.700104],[118.732497,9.698191],[118.734595,9.699191],[118.735483,9.698163],[118.735227,9.697017],[118.73879,9.695719],[118.734178,9.692245],[118.731202,9.686184],[118.731254,9.68415],[118.7356,9.680971],[118.735494,9.680361],[118.736481,9.681927],[118.737091,9.681876],[118.73596,9.683392],[118.736525,9.684499],[118.737553,9.68409],[118.740465,9.684646],[118.742815,9.682934],[118.745076,9.682562],[118.746902,9.684079],[118.747728,9.683907],[118.750578,9.686376],[118.749786,9.687748],[118.750624,9.688793],[118.751976,9.688742],[118.75236,9.688161],[118.753894,9.689963],[118.756943,9.690315],[118.761312,9.688361],[118.762017,9.686339],[118.761768,9.681259],[118.760301,9.678693],[118.759722,9.67487],[118.757195,9.673704],[118.758867,9.674026],[118.759575,9.673191],[118.759368,9.671189],[118.76012,9.671635],[118.761132,9.67072],[118.761054,9.66788],[118.758467,9.663659],[118.756548,9.662604],[118.756501,9.663907],[118.753349,9.661195],[118.752127,9.661796],[118.75144,9.659504],[118.747735,9.657253],[118.74488,9.657584],[118.743828,9.659181],[118.743891,9.660708],[118.739888,9.66225],[118.739129,9.6613],[118.739601,9.661484],[118.739737,9.660647],[118.737558,9.6605],[118.737721,9.659499],[118.738837,9.659209],[118.738187,9.657621],[118.733854,9.651937],[118.732573,9.651997],[118.731496,9.652984],[118.732779,9.654405],[118.732362,9.65638],[118.733079,9.658821],[118.732329,9.659282],[118.730615,9.657231],[118.730798,9.655876],[118.73004,9.654291],[118.726944,9.656639],[118.72538,9.656655],[118.724226,9.658733],[118.723281,9.657869],[118.721601,9.658243],[118.724636,9.654702],[118.723642,9.653695],[118.721582,9.654608],[118.719412,9.653644],[118.718545,9.650749],[118.722211,9.651507],[118.722627,9.650672],[118.721749,9.650217],[118.721064,9.648294],[118.722809,9.64757],[118.724004,9.647886],[118.726964,9.646623],[118.72867,9.64691],[118.731958,9.650168],[118.735905,9.650028],[118.735764,9.64787],[118.734707,9.645859],[118.73518,9.645435],[118.734569,9.644254],[118.734788,9.64214],[118.733869,9.642038],[118.732966,9.641003],[118.731382,9.636566],[118.729226,9.634002],[118.726344,9.632305],[118.72602,9.630429],[118.722244,9.625776],[118.718565,9.624391],[118.715768,9.622292],[118.714751,9.619924],[118.710786,9.61694],[118.709262,9.61454],[118.706673,9.613006],[118.704986,9.612861],[118.705691,9.6122],[118.703548,9.610417],[118.700283,9.603059],[118.698969,9.601351],[118.699694,9.597537],[118.697965,9.596009],[118.697591,9.593387],[118.69524,9.59076],[118.696815,9.590031],[118.69713,9.588626],[118.695624,9.586811],[118.695318,9.584766],[118.691493,9.580846],[118.690054,9.581806],[118.688534,9.581754],[118.689863,9.579294],[118.687637,9.576241],[118.686519,9.577592],[118.68517,9.577921],[118.685066,9.578693],[118.684816,9.577703],[118.685588,9.575272],[118.684316,9.574896],[118.683856,9.574053],[118.68288,9.574158],[118.679333,9.570161],[118.677828,9.570591],[118.678834,9.569946],[118.678849,9.568259],[118.679823,9.56845],[118.679112,9.566607],[118.678041,9.566398],[118.67411,9.561295],[118.669956,9.560149],[118.667826,9.561373],[118.666806,9.56028],[118.665451,9.560074],[118.664527,9.560656],[118.664015,9.562585],[118.663453,9.560758],[118.660749,9.559793],[118.658177,9.557036],[118.655093,9.550402],[118.652893,9.53839],[118.649092,9.532058],[118.645634,9.528171],[118.645309,9.523287],[118.645855,9.521746],[118.643742,9.51659],[118.644364,9.514837],[118.639977,9.510429],[118.639555,9.50701],[118.637912,9.50484],[118.63283,9.502022],[118.63368,9.503381],[118.632617,9.503618],[118.632439,9.504912],[118.633351,9.504509],[118.633623,9.505391],[118.630681,9.507026],[118.631043,9.508605],[118.629963,9.507987],[118.629069,9.508981],[118.627843,9.508923],[118.625755,9.506882],[118.62536,9.508031],[118.623861,9.506592],[118.624441,9.505566],[118.623736,9.50587],[118.623179,9.507721],[118.623003,9.507337],[118.622551,9.507842],[118.62316,9.505823],[118.622767,9.50644],[118.622405,9.505524],[118.623073,9.505579],[118.623277,9.505295],[118.621973,9.505138],[118.622299,9.504543],[118.621567,9.503584],[118.622551,9.503574],[118.623095,9.501319],[118.621087,9.499386],[118.621834,9.498548],[118.622478,9.498899],[118.623289,9.493793],[118.621854,9.490832],[118.622673,9.489539],[118.621811,9.48982],[118.59598,9.510683],[118.584835,9.525602],[118.550561,9.563172],[118.533029,9.579528],[118.409031,9.681079],[118.410332,9.682216],[118.408842,9.684063],[118.409091,9.686887],[118.410724,9.686742],[118.409769,9.6876],[118.411835,9.688521],[118.411996,9.689916],[118.419429,9.694305],[118.420547,9.696834],[118.420393,9.698293],[118.421618,9.698708],[118.42111,9.699278],[118.422499,9.700553],[118.421719,9.701331],[118.419032,9.701556],[118.419401,9.70463],[118.42092,9.704919],[118.422682,9.703311],[118.425137,9.703298],[118.427504,9.704123],[118.431453,9.708714],[118.432821,9.715326],[118.434173,9.717344],[118.437976,9.72032],[118.439905,9.720059],[118.44012,9.719485],[118.440005,9.72014],[118.442768,9.720064],[118.443866,9.720746],[118.446224,9.72311],[118.447391,9.726565],[118.448624,9.726621],[118.448071,9.727343],[118.448604,9.727796],[118.45146,9.728603],[118.453251,9.727048],[118.456205,9.727054],[118.457154,9.727646],[118.456981,9.72846],[118.458333,9.728502],[118.459554,9.73053],[118.462612,9.733171],[118.467511,9.730618],[118.469755,9.730503],[118.474482,9.731614],[118.473949,9.732196],[118.475587,9.732755],[118.477912,9.736608],[118.479719,9.736406],[118.480963,9.737132],[118.48063,9.736156],[118.48119,9.736658],[118.480722,9.738094],[118.481635,9.739265],[118.48175,9.740934],[118.483555,9.7408],[118.48487,9.741541],[118.485298,9.741012],[118.486987,9.741666],[118.488712,9.74126],[118.49006,9.744379],[118.491031,9.749992],[118.492404,9.750779],[118.492319,9.751308],[118.49404,9.751286],[118.493676,9.752002],[118.495677,9.754069],[118.496777,9.754044],[118.498219,9.755441],[118.501603,9.757056],[118.50161,9.758191],[118.502111,9.757999],[118.50249,9.759275],[118.505057,9.76028],[118.506066,9.759946],[118.506346,9.761635],[118.506504,9.759845],[118.508877,9.759149],[118.512152,9.760682],[118.512384,9.763542],[118.514534,9.764859],[118.51778,9.770693],[118.51341,9.77456],[118.514917,9.775304],[118.516444,9.774673],[118.518094,9.775226],[118.519384,9.777372],[118.51984,9.776503],[118.521227,9.776877],[118.526239,9.78188],[118.527398,9.782012],[118.527296,9.782658],[118.528062,9.782476],[118.527966,9.78398],[118.529557,9.783993],[118.529333,9.784504],[118.53,9.784595],[118.530994,9.786407],[118.530229,9.787423],[118.53093,9.787458],[118.531214,9.788447],[118.532281,9.788556],[118.532156,9.789439],[118.532661,9.78928],[118.533233,9.790539],[118.534427,9.791114],[118.534664,9.794633],[118.535727,9.796656],[118.537683,9.798237],[118.539132,9.798487],[118.540826,9.800396],[118.540947,9.80697],[118.543069,9.808931],[118.544467,9.80915],[118.545269,9.811059],[118.545942,9.810257],[118.545983,9.811788],[118.548546,9.812114],[118.552038,9.814165],[118.554674,9.817621],[118.556514,9.822943],[118.56132,9.824584],[118.566053,9.829597],[118.568652,9.836045],[118.567151,9.840716],[118.569244,9.847597],[118.57164,9.84707],[118.572259,9.848051],[118.57207,9.849162],[118.57629,9.848202],[118.582316,9.85119],[118.587058,9.854274],[118.590181,9.857378],[118.590169,9.858168],[118.590796,9.858426],[118.590472,9.859587],[118.592353,9.861572],[118.59175,9.863045],[118.592378,9.863405],[118.592269,9.86414],[118.594289,9.865758],[118.594368,9.867974],[118.595164,9.867643],[118.595495,9.868198],[118.598394,9.866393],[118.599901,9.866335],[118.601976,9.867325],[118.605751,9.870874],[118.607838,9.875534],[118.607698,9.876644],[118.606147,9.877157],[118.605772,9.878418],[118.606737,9.878487],[118.608365,9.880019],[118.608399,9.881165],[118.610963,9.882048],[118.611667,9.883962],[118.611156,9.885297],[118.612523,9.885741],[118.612407,9.886769],[118.614048,9.887898],[118.61463,9.891824],[118.614187,9.893467],[118.612342,9.89454],[118.611537,9.896177],[118.609615,9.896996],[118.612418,9.903011],[118.611964,9.904357],[118.609714,9.905833],[118.606663,9.904908],[118.604368,9.904853],[118.604035,9.905461],[118.605467,9.906385],[118.607695,9.9115],[118.60725,9.912421],[118.604808,9.912701],[118.6049,9.914824],[118.606462,9.915401],[118.607316,9.914925],[118.610342,9.91623],[118.612836,9.915285],[118.616051,9.915586],[118.61684,9.916405],[118.618193,9.9165],[118.619251,9.915818],[118.621176,9.918396],[118.623697,9.918172],[118.626207,9.92073],[118.626305,9.921806],[118.624209,9.923959],[118.624516,9.92496],[118.629754,9.92566],[118.631063,9.927766],[118.631734,9.926677],[118.632619,9.926643],[118.633038,9.927378],[118.635502,9.928419],[118.6359,9.929459],[118.634967,9.930792],[118.636784,9.931741],[118.636242,9.932876],[118.636621,9.934053],[118.637936,9.933187],[118.638952,9.933533],[118.640853,9.931931],[118.64415,9.933918],[118.646065,9.937456],[118.644787,9.938466],[118.645358,9.93881],[118.644923,9.939373],[118.645438,9.940956],[118.643988,9.941606],[118.643376,9.943075],[118.646541,9.945729],[118.642244,9.947552],[118.641718,9.948318],[118.643553,9.950248],[118.645304,9.950459],[118.645837,9.95204],[118.647651,9.952864],[118.648276,9.95435],[118.647126,9.957609],[118.645597,9.958869],[118.643204,9.958835],[118.643045,9.959607],[118.644214,9.960532],[118.646588,9.960711],[118.646185,9.962953],[118.647151,9.964388],[118.648716,9.96445],[118.649784,9.965387],[118.651845,9.965237],[118.653013,9.964457],[118.65526,9.964999],[118.657204,9.967134],[118.656821,9.969507],[118.657499,9.97104],[118.659402,9.972423],[118.661833,9.972407],[118.66335,9.975381],[118.662425,9.980182],[118.660494,9.982804],[118.657461,9.983736],[118.654899,9.982173],[118.651624,9.982874],[118.651269,9.985454],[118.651935,9.985409],[118.652188,9.986387],[118.651251,9.988313],[118.651514,9.98914],[118.650859,9.989611],[118.651281,9.990288],[118.650614,9.990895],[118.65221,9.992104],[118.652271,9.993327],[118.65113,9.994748],[118.648933,9.995633],[118.647723,9.995832],[118.646426,9.995109],[118.645004,9.996051],[118.645001,9.997443],[118.646585,10.000085],[118.644746,10.003201],[118.645539,10.003825],[118.646122,10.003282],[118.646317,10.004054],[118.647855,10.003588],[118.649799,9.99936],[118.652329,9.999846],[118.653828,9.998559],[118.655298,9.999312],[118.657825,9.998168],[118.660165,9.998312],[118.661964,10.000603],[118.662474,10.000306],[118.661974,10.001351],[118.662334,10.001051],[118.662867,10.002473],[118.663468,10.002407],[118.663831,10.004441],[118.663183,10.005896],[118.664271,10.006849],[118.664788,10.006467],[118.665987,10.007283],[118.666464,10.006839],[118.666543,10.007396],[118.667927,10.007327],[118.66748,10.008739],[118.668359,10.009979],[118.671149,10.010106],[118.671475,10.010997],[118.673605,10.012355],[118.673984,10.011322],[118.675719,10.011472],[118.676324,10.010226],[118.678794,10.009863],[118.679931,10.01072],[118.679628,10.011027],[118.684199,10.01298],[118.686031,10.01472],[118.687644,10.014666],[118.687377,10.015907],[118.688299,10.016206],[118.688224,10.016792],[118.690239,10.017408],[118.69042,10.017968],[118.691002,10.017744],[118.691326,10.018948],[118.69299,10.019339],[118.694764,10.022693],[118.694559,10.023946],[118.692772,10.0251],[118.692703,10.027054],[118.692022,10.027847],[118.693637,10.031808],[118.695164,10.032542],[118.695227,10.030407],[118.698405,10.030222],[118.702063,10.034846],[118.703947,10.038408],[118.70709,10.038358],[118.707389,10.036606],[118.708097,10.036808],[118.709622,10.032822],[118.713147,10.033565],[118.715024,10.035332],[118.715774,10.035073],[118.717395,10.036237],[118.718108,10.03558],[118.721426,10.035048],[118.722953,10.035736],[118.723559,10.036975],[118.723032,10.03878],[118.723437,10.03917],[118.723907,10.038467],[118.724922,10.038546],[118.725033,10.040367],[118.725441,10.040104],[118.72558,10.040889],[118.726086,10.040821],[118.725963,10.041536],[118.727156,10.041571],[118.726924,10.042168],[118.72764,10.042814],[118.725084,10.047608],[118.72609,10.048168],[118.72556,10.050677],[118.72593,10.051363],[118.725375,10.05164],[118.726291,10.052602],[118.72498,10.054904],[118.725901,10.056187],[118.725266,10.057216],[118.725966,10.058034],[118.725331,10.059771],[118.726455,10.06169],[118.727454,10.062024],[118.728286,10.065618],[118.727195,10.066506],[118.727584,10.067222],[118.726335,10.069421],[118.726582,10.070531],[118.728531,10.071218],[118.730117,10.070896],[118.730464,10.071754],[118.731899,10.07216],[118.732157,10.073582],[118.731521,10.075438],[118.732586,10.074866],[118.7339,10.076031],[118.73387,10.078227],[118.73535,10.078653],[118.737067,10.08088],[118.739831,10.081363],[118.739674,10.083058],[118.741022,10.082431],[118.74307,10.083499],[118.744427,10.082615],[118.745813,10.08354],[118.745324,10.08705],[118.744414,10.087525],[118.74305,10.090268],[118.745109,10.09181],[118.746866,10.092093],[118.747975,10.093726],[118.748128,10.09591],[118.747487,10.097902],[118.745588,10.099355],[118.746172,10.099418],[118.745369,10.100615],[118.746117,10.100712],[118.746132,10.101901],[118.74673,10.102235],[118.746402,10.104531],[118.746972,10.104956],[118.746439,10.107017],[118.746883,10.106978],[118.747577,10.10932],[118.749933,10.10907],[118.750438,10.109842],[118.751346,10.109881],[118.751979,10.111052],[118.751585,10.111486],[118.752175,10.111258],[118.752331,10.111818],[118.752084,10.113319],[118.753222,10.112745],[118.753551,10.113491],[118.75548,10.113209],[118.755653,10.113986],[118.756398,10.113689],[118.75641,10.11474],[118.757124,10.114735],[118.757619,10.11569],[118.757163,10.116518],[118.757618,10.117043],[118.756891,10.117794],[118.757603,10.117785],[118.757854,10.118491],[118.75705,10.119228],[118.758481,10.119393],[118.759133,10.12061],[118.760371,10.120172],[118.761122,10.120923],[118.761251,10.12248],[118.759139,10.125323],[118.759387,10.126692],[118.758535,10.12786],[118.758522,10.129417],[118.759717,10.129811],[118.760223,10.131333],[118.761546,10.130942],[118.762473,10.131879],[118.764207,10.129886],[118.764902,10.130072],[118.766037,10.129081],[118.767202,10.127239],[118.766758,10.125548],[118.76796,10.12393],[118.767953,10.121884],[118.768843,10.121406],[118.768723,10.120298],[118.769487,10.120554],[118.769299,10.11964],[118.770069,10.119836],[118.77008,10.118416],[118.771189,10.117672],[118.771596,10.116165],[118.770813,10.115264],[118.770929,10.114329],[118.770295,10.114276],[118.767738,10.115589],[118.766887,10.117018],[118.763531,10.116704],[118.763387,10.113492],[118.765191,10.112638],[118.766593,10.109838],[118.770345,10.106084],[118.770469,10.104198],[118.771604,10.102865],[118.770713,10.100321],[118.771353,10.098561],[118.770122,10.094255],[118.769189,10.094075],[118.765886,10.09613],[118.76367,10.095916],[118.76489,10.092999],[118.764404,10.091867],[118.766393,10.089997],[118.767022,10.087611],[118.767702,10.087118],[118.769159,10.087559],[118.772239,10.086973],[118.773509,10.085788],[118.772917,10.083418],[118.773437,10.081449],[118.772428,10.079952],[118.77278,10.077801],[118.774051,10.076309],[118.772567,10.073395],[118.773797,10.071531],[118.77363,10.06999],[118.772131,10.070182],[118.771335,10.069129],[118.77144,10.06975],[118.769494,10.071247],[118.767666,10.073838],[118.766338,10.074277],[118.765308,10.072978],[118.762453,10.073924],[118.761696,10.074878],[118.759972,10.07395],[118.757227,10.076885],[118.754929,10.074748],[118.753926,10.075746],[118.751947,10.075594],[118.747886,10.079068],[118.745661,10.078773],[118.744683,10.076456],[118.742224,10.076878],[118.741175,10.076635],[118.741256,10.075792],[118.742812,10.073951],[118.743117,10.072443],[118.747339,10.070059],[118.748068,10.067944],[118.752154,10.06484],[118.754025,10.064844],[118.755509,10.066187],[118.756439,10.066173],[118.756994,10.067842],[118.756679,10.064573],[118.757689,10.06379],[118.758541,10.063653],[118.760361,10.065167],[118.762114,10.065533],[118.763952,10.064294],[118.763439,10.061797],[118.76485,10.059323],[118.765664,10.059335],[118.766154,10.060295],[118.768009,10.061353],[118.768931,10.060627],[118.773074,10.061355],[118.775227,10.059876],[118.775673,10.058086],[118.774261,10.05633],[118.777022,10.054976],[118.775518,10.054686],[118.775029,10.053912],[118.775523,10.051671],[118.776617,10.050565],[118.774784,10.048338],[118.775963,10.04674],[118.774445,10.044761],[118.769158,10.044116],[118.770821,10.042577],[118.771317,10.040349],[118.773083,10.038637],[118.7721,10.036544],[118.77224,10.034851],[118.773615,10.032783],[118.773994,10.026064],[118.776584,10.021698],[118.778169,10.023773],[118.779662,10.024085],[118.78069,10.024062],[118.780986,10.023083],[118.781164,10.02373],[118.782129,10.023468],[118.784116,10.021561],[118.784642,10.022578],[118.783724,10.023296],[118.785142,10.023629],[118.785785,10.024547],[118.786448,10.023895],[118.787086,10.02454],[118.788763,10.022328],[118.788738,10.019994],[118.790653,10.021839],[118.792423,10.02231],[118.791422,10.023333],[118.791534,10.023439],[118.792565,10.022318],[118.795041,10.023358],[118.795883,10.023368],[118.796329,10.02257],[118.794951,10.025828],[118.795543,10.02582],[118.795757,10.026806],[118.795156,10.027106],[118.795894,10.026968],[118.796466,10.028404],[118.795121,10.031198],[118.795692,10.032592],[118.794422,10.033369],[118.794213,10.034729],[118.793379,10.034964],[118.793928,10.036589],[118.794835,10.036371],[118.795829,10.03482],[118.798253,10.03558],[118.798305,10.034466],[118.799477,10.033445],[118.800196,10.034838],[118.800787,10.03251],[118.801763,10.032291],[118.801109,10.031796],[118.802015,10.032165],[118.803106,10.030484],[118.802231,10.030182],[118.803374,10.028308],[118.803264,10.026892],[118.805172,10.027082],[118.806059,10.02821],[118.808182,10.02787],[118.807289,10.029403],[118.808432,10.029133],[118.808569,10.029839],[118.80989,10.029943],[118.809218,10.030604],[118.809185,10.032888],[118.810258,10.034608],[118.809601,10.035001],[118.809293,10.0398],[118.808258,10.040029],[118.807799,10.041944],[118.80791,10.045788],[118.808523,10.045964],[118.808455,10.046707],[118.806637,10.051041],[118.807219,10.05349],[118.806347,10.054882],[118.807555,10.055739],[118.807763,10.057654],[118.808662,10.058115],[118.809053,10.059995],[118.809838,10.060395],[118.808883,10.06203],[118.810419,10.063415],[118.810219,10.065572],[118.811488,10.066059],[118.809961,10.070029],[118.811519,10.070932],[118.812648,10.069978],[118.813292,10.070141],[118.817678,10.074708],[118.818966,10.077141],[118.818489,10.077519],[118.819278,10.077626],[118.81948,10.078837],[118.820077,10.078898],[118.819385,10.079143],[118.819312,10.080273],[118.820824,10.080945],[118.821579,10.082193],[118.822171,10.08438],[118.821912,10.085401],[118.821198,10.085328],[118.821277,10.086575],[118.822604,10.087544],[118.824004,10.08737],[118.824328,10.088873],[118.826603,10.089656],[118.825393,10.091446],[118.825684,10.092395],[118.82395,10.092947],[118.823071,10.094451],[118.826024,10.095248],[118.827231,10.096871],[118.826298,10.098167],[118.827294,10.100613],[118.828364,10.101429],[118.829,10.101185],[118.829724,10.102654],[118.831203,10.102273],[118.830862,10.101775],[118.831468,10.101461],[118.832623,10.103197],[118.834536,10.102607],[118.834678,10.103429],[118.837462,10.104233],[118.838638,10.103593],[118.840271,10.104916],[118.838548,10.105716],[118.838602,10.106897],[118.840252,10.106724],[118.838555,10.108142],[118.838459,10.107539],[118.83641,10.107207],[118.834165,10.107819],[118.833855,10.108721],[118.833054,10.108455],[118.831417,10.109801],[118.828435,10.110711],[118.827791,10.111802],[118.826782,10.111514],[118.826194,10.110356],[118.826084,10.11082],[118.824336,10.110096],[118.823471,10.110685],[118.823522,10.109964],[118.822155,10.10951],[118.821047,10.109867],[118.820761,10.110646],[118.820034,10.110083],[118.819417,10.111118],[118.817157,10.112288],[118.816032,10.111563],[118.814271,10.112417],[118.812442,10.111525],[118.812426,10.112005],[118.811105,10.110853],[118.809889,10.111708],[118.809021,10.114998],[118.806639,10.11681],[118.807974,10.118326],[118.807887,10.119561],[118.807156,10.120587],[118.804814,10.121161],[118.805074,10.12158],[118.805992,10.121048],[118.805641,10.121672],[118.806732,10.122111],[118.808233,10.124906],[118.810347,10.125423],[118.810036,10.127305],[118.812017,10.129218],[118.813648,10.133911],[118.813405,10.135042],[118.810284,10.139057],[118.810165,10.139779],[118.811898,10.141131],[118.811627,10.143644],[118.811044,10.14482],[118.810014,10.145062],[118.809536,10.147495],[118.809935,10.148053],[118.808424,10.149793],[118.809571,10.149891],[118.809233,10.152492],[118.811102,10.154882],[118.810568,10.156598],[118.811762,10.158646],[118.811315,10.160287],[118.810498,10.160512],[118.810971,10.16135],[118.812147,10.161675],[118.812481,10.163955],[118.811057,10.165648],[118.807572,10.16703],[118.806407,10.168198],[118.806551,10.168848],[118.805215,10.170367],[118.805598,10.171094],[118.804683,10.173649],[118.806934,10.176348],[118.806344,10.177887],[118.807596,10.177848],[118.807193,10.181162],[118.808292,10.182525],[118.808278,10.184312],[118.806122,10.187396],[118.806621,10.18812],[118.805756,10.192217],[118.806184,10.192704],[118.806781,10.192324],[118.80713,10.193062],[118.808056,10.192646],[118.808547,10.193976],[118.809038,10.193503],[118.808771,10.194942],[118.810558,10.193274],[118.812729,10.193902],[118.813055,10.194686],[118.813741,10.194433],[118.814353,10.195367],[118.816065,10.194546],[118.816809,10.196302],[118.818595,10.197528],[118.819676,10.196061],[118.823076,10.194434],[118.822348,10.192127],[118.822994,10.190611],[118.827171,10.189239],[118.828551,10.187862],[118.82987,10.187902],[118.831156,10.186358],[118.834908,10.18667],[118.839959,10.187679],[118.844574,10.19012],[118.845605,10.192215],[118.844989,10.192863],[118.845976,10.194493],[118.845691,10.195931],[118.846956,10.197441],[118.847715,10.199712],[118.850232,10.200795],[118.849723,10.202951],[118.852901,10.203599],[118.854457,10.205621],[118.857088,10.205214],[118.858257,10.206069],[118.858001,10.206644],[118.859259,10.208377],[118.861717,10.208799],[118.862448,10.209513],[118.872494,10.210228],[118.880678,10.209063],[118.884595,10.206543],[118.889188,10.202476],[118.892387,10.197288],[118.892983,10.197531],[118.893324,10.196725],[118.894959,10.196337],[118.90064,10.19689],[118.901968,10.198404],[118.905251,10.197752],[118.907246,10.198031],[118.908393,10.199037],[118.90852,10.200893],[118.909734,10.202167],[118.909862,10.200825],[118.910632,10.200347],[118.913207,10.20043],[118.91544,10.201402],[118.916667,10.200149],[118.918897,10.200041],[118.921751,10.201316],[118.921806,10.203544],[118.923128,10.202802],[118.924163,10.204558],[118.924075,10.20115],[118.92666,10.200164],[118.929016,10.201467],[118.931221,10.204641],[118.931953,10.204929],[118.93274,10.204331],[118.933889,10.205353],[118.936439,10.205742],[118.940388,10.210393],[118.939716,10.214828],[118.940478,10.21683],[118.942569,10.216733],[118.943788,10.219037],[118.94192,10.22277],[118.940315,10.222958],[118.938739,10.225546],[118.939752,10.226231],[118.941503,10.224994],[118.943007,10.225507],[118.945541,10.228828],[118.947258,10.233286],[118.947042,10.23431],[118.945707,10.234714],[118.946568,10.23534],[118.948096,10.235045],[118.950806,10.242055],[118.950466,10.243564],[118.947744,10.24466],[118.947512,10.245541],[118.948296,10.246837],[118.949795,10.246783],[118.952709,10.25108],[118.950713,10.256694],[118.948709,10.258271],[118.947306,10.25816],[118.94497,10.260267],[118.94228,10.258034],[118.941609,10.260519],[118.9403,10.261483],[118.936946,10.262176],[118.937102,10.264305],[118.937971,10.265249],[118.938885,10.263715],[118.9404,10.264398],[118.942101,10.263964],[118.942937,10.262751],[118.944269,10.262955],[118.944992,10.263807],[118.94611,10.263293],[118.948169,10.264461],[118.949356,10.264116],[118.951676,10.265404],[118.952909,10.264279],[118.954773,10.264225],[118.958913,10.267043],[118.959896,10.267438],[118.960735,10.266874],[118.962629,10.26964],[118.958864,10.275517],[118.955891,10.276026],[118.954292,10.272903],[118.952912,10.273595],[118.951992,10.272936],[118.951834,10.273897],[118.953122,10.274774],[118.952957,10.276436],[118.950861,10.277137],[118.950716,10.278614],[118.949675,10.280008],[118.949703,10.282376],[118.947801,10.284366],[118.944304,10.284948],[118.943866,10.284019],[118.942975,10.284092],[118.941411,10.285415],[118.940886,10.28457],[118.939359,10.284105],[118.93907,10.285173],[118.938109,10.28483],[118.936811,10.285546],[118.935153,10.284768],[118.933634,10.28568],[118.932663,10.285414],[118.931844,10.286543],[118.931929,10.28768],[118.932793,10.286939],[118.932357,10.289478],[118.933269,10.289476],[118.934458,10.288106],[118.936578,10.288316],[118.937939,10.287525],[118.939022,10.289361],[118.941001,10.289353],[118.941694,10.291615],[118.939814,10.293926],[118.940206,10.295334],[118.939087,10.296997],[118.938164,10.297321],[118.938496,10.297764],[118.94077,10.297456],[118.942256,10.299244],[118.942813,10.298782],[118.942774,10.299674],[118.942945,10.29623],[118.943875,10.295345],[118.946487,10.295629],[118.94575,10.293742],[118.946821,10.291997],[118.948492,10.292006],[118.949671,10.293397],[118.95185,10.293993],[118.951073,10.291438],[118.952423,10.289091],[118.952308,10.287796],[118.953944,10.28581],[118.956264,10.284202],[118.958635,10.284347],[118.958965,10.283014],[118.963583,10.283889],[118.96703,10.28626],[118.966726,10.287485],[118.96731,10.289744],[118.967786,10.288531],[118.969015,10.287995],[118.971158,10.288551],[118.973675,10.290892],[118.976589,10.294792],[118.976499,10.296304],[118.978051,10.298962],[118.977443,10.301967],[118.974593,10.303825],[118.974114,10.307283],[118.971505,10.310151],[119.055289,10.22528],[119.061352,10.232228]]],[[[118.782995,10.09664],[118.783116,10.091908],[118.78258,10.090789],[118.783219,10.088445],[118.782141,10.082985],[118.782067,10.073419],[118.78119,10.072245],[118.780357,10.072702],[118.779961,10.074759],[118.780707,10.080045],[118.780295,10.080663],[118.781001,10.082159],[118.780582,10.083601],[118.78182,10.086198],[118.782181,10.089413],[118.781718,10.092404],[118.782995,10.09664]]],[[[118.789722,10.024559],[118.789942,10.023608],[118.788794,10.022494],[118.788441,10.023716],[118.789722,10.024559]]],[[[118.9167,9.93361],[118.918378,9.935445],[118.918067,9.936249],[118.918721,9.937663],[118.919842,9.937827],[118.919506,9.938525],[118.920221,9.939581],[118.921749,9.940359],[118.923356,9.939331],[118.929549,9.938581],[118.932399,9.933632],[118.931596,9.932799],[118.931326,9.931129],[118.929462,9.929027],[118.926167,9.926396],[118.923848,9.925751],[118.922831,9.927358],[118.922541,9.926881],[118.921096,9.927526],[118.921079,9.931212],[118.919401,9.932157],[118.917321,9.932318],[118.9167,9.93361]]],[[[118.866807,9.938097],[118.865935,9.938594],[118.865992,9.938809],[118.866565,9.938603],[118.866807,9.938097]]],[[[118.852944,9.927934],[118.853891,9.933339],[118.854612,9.933951],[118.854361,9.93324],[118.855959,9.932717],[118.855578,9.931801],[118.857051,9.931212],[118.857563,9.929593],[118.858358,9.929236],[118.857823,9.928584],[118.857049,9.928783],[118.857014,9.928545],[118.857362,9.928408],[118.857321,9.928206],[118.856554,9.928665],[118.854891,9.928311],[118.853957,9.92672],[118.852944,9.927934]]],[[[118.789577,9.923687],[118.787906,9.924419],[118.788567,9.927499],[118.78796,9.929904],[118.788781,9.929491],[118.790379,9.929962],[118.790997,9.92913],[118.790983,9.929789],[118.792263,9.930343],[118.794384,9.930024],[118.794329,9.929156],[118.793349,9.928847],[118.793861,9.928364],[118.793171,9.92708],[118.792414,9.927488],[118.792587,9.92646],[118.791731,9.92627],[118.791922,9.925411],[118.789577,9.923687]]],[[[118.841069,9.919662],[118.839957,9.919806],[118.839313,9.920616],[118.840972,9.922908],[118.842302,9.922986],[118.844382,9.921393],[118.844394,9.920799],[118.843644,9.920969],[118.841069,9.919662]]],[[[118.875884,9.912664],[118.876773,9.915411],[118.87697,9.914686],[118.878325,9.914385],[118.877793,9.915671],[118.879879,9.912996],[118.880918,9.913001],[118.880677,9.913664],[118.881737,9.913353],[118.881174,9.913194],[118.881772,9.912062],[118.882426,9.913344],[118.883395,9.912213],[118.884152,9.912331],[118.88382,9.911554],[118.88262,9.912454],[118.882098,9.90992],[118.882428,9.907696],[118.8797,9.904745],[118.877757,9.905477],[118.877296,9.907638],[118.877874,9.908473],[118.876067,9.909811],[118.875884,9.912664]]],[[[118.824547,9.897858],[118.822864,9.898254],[118.820727,9.897871],[118.819676,9.89851],[118.819667,9.899311],[118.824895,9.903297],[118.82748,9.903605],[118.831335,9.905791],[118.836528,9.911913],[118.838535,9.913696],[118.838888,9.913634],[118.836593,9.911811],[118.831582,9.90576],[118.827419,9.90332],[118.828043,9.902532],[118.82659,9.90175],[118.826921,9.900779],[118.825581,9.900907],[118.825184,9.90119],[118.825633,9.901509],[118.824332,9.90201],[118.823183,9.901899],[118.825244,9.898779],[118.825239,9.898232],[118.824301,9.898798],[118.824547,9.897858]]],[[[118.798326,9.899776],[118.797316,9.900266],[118.797128,9.899782],[118.796393,9.901313],[118.797526,9.903977],[118.79801,9.903801],[118.797255,9.902453],[118.797212,9.901582],[118.797823,9.901219],[118.797363,9.900478],[118.798326,9.899776]]],[[[118.791886,9.880155],[118.790346,9.881164],[118.791214,9.880935],[118.7903,9.881702],[118.789981,9.881358],[118.787158,9.883129],[118.785569,9.882954],[118.784576,9.88489],[118.784053,9.884336],[118.784358,9.882434],[118.783317,9.880943],[118.781159,9.881399],[118.77997,9.880954],[118.779043,9.881858],[118.778261,9.881778],[118.778545,9.881156],[118.778014,9.881089],[118.777847,9.882361],[118.777427,9.882206],[118.776824,9.883432],[118.777374,9.885413],[118.775863,9.887781],[118.776383,9.888601],[118.779816,9.889222],[118.782045,9.887632],[118.783993,9.887322],[118.785586,9.888934],[118.787486,9.889013],[118.787461,9.888323],[118.785402,9.887199],[118.7858,9.886644],[118.785324,9.886079],[118.788149,9.883427],[118.793289,9.881352],[118.7949,9.879109],[118.794302,9.878596],[118.79232,9.87888],[118.791023,9.877883],[118.791886,9.880155]]],[[[118.768907,9.878738],[118.76918,9.877688],[118.768069,9.879361],[118.76926,9.880758],[118.771479,9.877985],[118.770303,9.87918],[118.768907,9.878738]]],[[[118.814146,9.87297],[118.812697,9.877292],[118.813909,9.878555],[118.815136,9.878015],[118.81708,9.875094],[118.817679,9.87267],[118.814146,9.87297]]],[[[118.770414,9.869175],[118.769268,9.87042],[118.769169,9.871413],[118.768345,9.871607],[118.768314,9.870912],[118.767097,9.872191],[118.76671,9.874425],[118.768136,9.874502],[118.766752,9.874198],[118.768505,9.871888],[118.768997,9.871964],[118.768274,9.873524],[118.768727,9.873911],[118.769851,9.873168],[118.769236,9.873016],[118.769647,9.872088],[118.770883,9.871989],[118.770737,9.871223],[118.769227,9.871495],[118.770414,9.869175]]],[[[118.763602,9.848844],[118.758809,9.851433],[118.757514,9.853218],[118.764185,9.855297],[118.76546,9.854971],[118.765968,9.853983],[118.765437,9.853735],[118.765888,9.853361],[118.765738,9.850829],[118.763602,9.848844]]],[[[118.776532,9.833544],[118.775129,9.83277],[118.774954,9.833885],[118.774644,9.833442],[118.775059,9.835424],[118.774476,9.835364],[118.774615,9.836592],[118.772589,9.838776],[118.771801,9.838222],[118.773439,9.836317],[118.773732,9.835031],[118.772479,9.836579],[118.771198,9.836444],[118.770191,9.838227],[118.767903,9.839994],[118.769084,9.840153],[118.771819,9.839129],[118.772921,9.840446],[118.773739,9.839265],[118.774222,9.839508],[118.774705,9.838101],[118.774934,9.838728],[118.776685,9.83914],[118.775244,9.837561],[118.775423,9.837077],[118.776267,9.837563],[118.776964,9.837182],[118.775266,9.834872],[118.776309,9.834521],[118.776532,9.833544]]],[[[118.699468,9.772973],[118.698581,9.773371],[118.698547,9.774526],[118.699574,9.773698],[118.699468,9.772973]]],[[[118.736166,9.753361],[118.735676,9.753577],[118.735472,9.754227],[118.736376,9.754034],[118.736166,9.753361]]]]}},
{"type":"Feature","properties":{"fid":17,"City_Name":"Bacolod City (Capital)","City_PSGC_Code":"1830200000","Province_Name":"Negros Occidental","Province_PSGC_Code":"1804500000","Region_Name":"Negros Island Region (NIR)","Region_PSGC_Code":"1800000000","AREA_SQKM":162.377865801},"geometry":{"type":"Polygon","coordinates":[[[123.139327,10.659634],[123.138213,10.658673],[123.138306,10.657486],[123.12976,10.656325],[123.127277,10.654895],[123.124757,10.655358],[123.122519,10.654078],[123.121011,10.654031],[123.120609,10.653381],[123.119329,10.653649],[123.118418,10.652811],[123.116287,10.652423],[123.115208,10.652872],[123.076804,10.646227],[123.041341,10.631647],[123.021839,10.634206],[123.017094,10.619615],[123.013923,10.615288],[123.012159,10.615614],[123.008968,10.612683],[123.009767,10.611085],[123.007971,10.60926],[123.007871,10.60762],[123.006113,10.606651],[123.005252,10.605199],[123.005763,10.60423],[123.004303,10.603652],[123.003873,10.602256],[123.002378,10.601839],[123.002179,10.600895],[123.00028,10.600902],[122.999662,10.598459],[122.997654,10.599415],[122.996928,10.599154],[122.996593,10.597647],[122.995391,10.59682],[122.994615,10.592303],[122.99381,10.591052],[122.990039,10.588846],[122.990296,10.588018],[122.991403,10.587618],[122.989416,10.586726],[122.989587,10.58494],[122.988878,10.584446],[122.95103,10.586151],[122.93231,10.592446],[122.926012,10.59278],[122.925374,10.591955],[122.915481,10.594377],[122.910626,10.594835],[122.907271,10.594289],[122.906284,10.594852],[122.905361,10.593968],[122.904172,10.594725],[122.903077,10.594228],[122.902048,10.595653],[122.899446,10.595038],[122.899378,10.595681],[122.898724,10.595375],[122.89822,10.596645],[122.896709,10.597622],[122.896315,10.598893],[122.896815,10.599852],[122.900099,10.599608],[122.900278,10.599119],[122.902338,10.599653],[122.904227,10.600474],[122.904264,10.601186],[122.904563,10.600729],[122.904787,10.601243],[122.905418,10.60146],[122.905845,10.601013],[122.913681,10.604794],[122.91447,10.605417],[122.914123,10.606608],[122.914918,10.607928],[122.913803,10.608098],[122.912419,10.610318],[122.912431,10.611416],[122.913666,10.612188],[122.915876,10.610042],[122.916507,10.612333],[122.918418,10.612255],[122.918524,10.613272],[122.918148,10.612742],[122.91799,10.613121],[122.918665,10.614875],[122.917617,10.615308],[122.918388,10.615953],[122.918421,10.617306],[122.919307,10.617163],[122.920174,10.617827],[122.919006,10.617847],[122.918946,10.618438],[122.920096,10.619205],[122.921377,10.622725],[122.923356,10.624689],[122.923791,10.62693],[122.923324,10.627677],[122.926506,10.634114],[122.926004,10.635296],[122.92393,10.635243],[122.922981,10.634033],[122.922264,10.634608],[122.92415,10.636865],[122.924016,10.639193],[122.923031,10.639596],[122.922883,10.641844],[122.924463,10.642341],[122.923834,10.64276],[122.924015,10.646335],[122.924461,10.646216],[122.924279,10.647135],[122.926397,10.651421],[122.92597,10.651656],[122.927306,10.653139],[122.927529,10.656282],[122.928876,10.657492],[122.928788,10.658547],[122.929742,10.659343],[122.929594,10.660542],[122.932503,10.662473],[122.934062,10.665288],[122.934737,10.665102],[122.931778,10.667558],[122.932456,10.668876],[122.938597,10.668894],[122.941625,10.675097],[122.935086,10.677291],[122.934394,10.678014],[122.935486,10.677364],[122.938065,10.677547],[122.941391,10.676267],[122.943396,10.681057],[122.933284,10.685341],[122.935898,10.691506],[122.941284,10.689236],[122.94055,10.688794],[122.940852,10.687962],[122.942606,10.68762],[122.943183,10.686887],[122.943899,10.68702],[122.943875,10.687617],[122.946917,10.686844],[122.946426,10.685704],[122.947951,10.684478],[122.946928,10.681875],[122.949575,10.680899],[122.951081,10.686434],[122.94688,10.687282],[122.946314,10.6876],[122.950562,10.686772],[122.950157,10.687374],[122.951137,10.687697],[122.951459,10.690213],[122.950853,10.692018],[122.951343,10.692645],[122.950018,10.693235],[122.951204,10.693396],[122.949987,10.693805],[122.951153,10.693655],[122.950966,10.699952],[122.950637,10.700557],[122.948936,10.699831],[122.949526,10.701903],[122.948187,10.701626],[122.94939,10.701918],[122.948967,10.703529],[122.941285,10.702843],[122.939425,10.701704],[122.939823,10.702796],[122.941352,10.702998],[122.940856,10.70373],[122.941527,10.703006],[122.947852,10.703533],[122.948796,10.705876],[122.948365,10.706339],[122.949587,10.708171],[122.948527,10.709605],[122.948341,10.70769],[122.949002,10.715837],[122.961614,10.712728],[122.999196,10.699944],[122.99934,10.698836],[123.002319,10.697152],[123.000857,10.694689],[123.001096,10.694166],[123.003177,10.693814],[123.002845,10.691204],[123.003476,10.689285],[123.008502,10.684707],[123.009293,10.68555],[123.011772,10.68431],[123.012307,10.683356],[123.013298,10.683528],[123.013779,10.682112],[123.017528,10.68271],[123.018291,10.683338],[123.018969,10.682673],[123.021074,10.682894],[123.022342,10.68202],[123.024928,10.683288],[123.025735,10.681909],[123.026258,10.682777],[123.028166,10.681509],[123.030758,10.681294],[123.032993,10.682088],[123.035967,10.681207],[123.037026,10.682346],[123.040756,10.682229],[123.041175,10.683941],[123.042296,10.683892],[123.043552,10.684852],[123.049825,10.684967],[123.051975,10.683094],[123.054529,10.682149],[123.054861,10.681102],[123.057667,10.679087],[123.076345,10.669879],[123.100426,10.668559],[123.124121,10.664484],[123.127595,10.664419],[123.128065,10.665269],[123.134876,10.663794],[123.135788,10.663173],[123.135438,10.662431],[123.138606,10.660683],[123.139327,10.659634]]]}}
]
}
